27954,93773,ALIAS_OF
29865,93773,ALIAS_OF
40709,93773,ALIAS_OF
44246,94486,ALIAS_OF
44381,94471,ALIAS_OF
44997,93773,ALIAS_OF
48400,93773,ALIAS_OF
50639,93773,ALIAS_OF
62455,93773,ALIAS_OF
64872,94800,ALIAS_OF
64873,94800,ALIAS_OF
64874,94779,ALIAS_OF
64875,94779,ALIAS_OF
64876,94781,ALIAS_OF
64877,94781,ALIAS_OF
64878,94783,ALIAS_OF
64879,94783,ALIAS_OF
64880,94785,ALIAS_OF
64881,94785,ALIAS_OF
64882,94786,ALIAS_OF
64883,94786,ALIAS_OF
64884,94788,ALIAS_OF
64885,94788,ALIAS_OF
64886,94790,ALIAS_OF
64887,94790,ALIAS_OF
64888,94792,ALIAS_OF
64889,94792,ALIAS_OF
64890,94794,ALIAS_OF
64891,94794,ALIAS_OF
64892,94795,ALIAS_OF
64893,94795,ALIAS_OF
64894,94797,ALIAS_OF
64895,94797,ALIAS_OF
64896,94798,ALIAS_OF
64897,94798,ALIAS_OF
64898,94802,ALIAS_OF
64899,94802,ALIAS_OF
64900,94803,ALIAS_OF
64901,94803,ALIAS_OF
64902,94805,ALIAS_OF
64903,94805,ALIAS_OF
67927,93773,ALIAS_OF
68224,93773,ALIAS_OF
68311,94821,ALIAS_OF
68312,94820,ALIAS_OF
68313,94358,ALIAS_OF
68314,94810,ALIAS_OF
68315,94855,ALIAS_OF
68316,94865,ALIAS_OF
68317,94862,ALIAS_OF
68318,94864,ALIAS_OF
74437,93773,ALIAS_OF
89932,93773,ALIAS_OF
