6601,300837,ALIAS_OF
11592,300837,ALIAS_OF
73768,300837,ALIAS_OF
80526,302193,ALIAS_OF
85959,302495,ALIAS_OF
86010,302505,ALIAS_OF
86070,302483,ALIAS_OF
86091,302487,ALIAS_OF
86138,300961,ALIAS_OF
86789,300837,ALIAS_OF
87460,300837,ALIAS_OF
87461,300837,ALIAS_OF
87462,300837,ALIAS_OF
90031,300837,ALIAS_OF
92207,300837,ALIAS_OF
93023,302491,ALIAS_OF
96083,301084,ALIAS_OF
96548,302215,ALIAS_OF
97149,302847,ALIAS_OF
101025,302265,ALIAS_OF
101026,302266,ALIAS_OF
101027,302303,ALIAS_OF
101028,302305,ALIAS_OF
101029,302289,ALIAS_OF
101030,302291,ALIAS_OF
101031,302275,ALIAS_OF
101032,302277,ALIAS_OF
101033,302268,ALIAS_OF
101034,302270,ALIAS_OF
101035,302253,ALIAS_OF
101036,302254,ALIAS_OF
101037,302261,ALIAS_OF
101038,302263,ALIAS_OF
101137,302287,ALIAS_OF
101147,302272,ALIAS_OF
121840,300837,ALIAS_OF
122447,300837,ALIAS_OF
122448,300837,ALIAS_OF
128448,302820,ALIAS_OF
130880,300837,ALIAS_OF
131113,300837,ALIAS_OF
131283,301219,ALIAS_OF
131322,302199,ALIAS_OF
131810,301563,ALIAS_OF
131887,302330,ALIAS_OF
131929,302190,ALIAS_OF
131954,300837,ALIAS_OF
137084,302282,ALIAS_OF
137098,302282,ALIAS_OF
137416,302569,ALIAS_OF
137424,302256,ALIAS_OF
137425,302258,ALIAS_OF
137426,302243,ALIAS_OF
137427,302245,ALIAS_OF
137428,302248,ALIAS_OF
137429,302250,ALIAS_OF
137443,302284,ALIAS_OF
138028,302206,ALIAS_OF
138287,302848,ALIAS_OF
141617,300837,ALIAS_OF
141618,300837,ALIAS_OF
141619,302446,ALIAS_OF
141633,302448,ALIAS_OF
165963,300837,ALIAS_OF
200487,302437,ALIAS_OF
200488,302439,ALIAS_OF
202259,300837,ALIAS_OF
229497,300837,ALIAS_OF
255733,302421,ALIAS_OF
257554,302395,ALIAS_OF
257576,300837,ALIAS_OF
257835,300934,ALIAS_OF
257836,300933,ALIAS_OF
259061,302402,ALIAS_OF
283200,300837,ALIAS_OF
283201,300837,ALIAS_OF
283489,302387,ALIAS_OF
283719,300837,ALIAS_OF
283720,300837,ALIAS_OF
300492,302725,ALIAS_OF
