9,8,IMPORTS
11,10,IMPORTS
18,17,IMPORTS
20,19,IMPORTS
22,21,IMPORTS
29,28,IMPORTS
31,30,IMPORTS
33,32,IMPORTS
40,39,IMPORTS
42,41,IMPORTS
44,43,IMPORTS
51,50,IMPORTS
53,52,IMPORTS
222,221,IMPORTS
224,223,IMPORTS
226,225,IMPORTS
228,227,IMPORTS
1262,1261,IMPORTS
1264,1263,IMPORTS
1266,1265,IMPORTS
1268,1267,IMPORTS
2180,2179,IMPORTS
2182,2181,IMPORTS
2184,2183,IMPORTS
2186,2185,IMPORTS
2736,2735,IMPORTS
2738,2737,IMPORTS
2740,2739,IMPORTS
2742,2741,IMPORTS
2744,2743,IMPORTS
2746,2745,IMPORTS
2748,2747,IMPORTS
2750,2749,IMPORTS
2752,2751,IMPORTS
2754,2753,IMPORTS
2756,2755,IMPORTS
2758,2757,IMPORTS
2760,2759,IMPORTS
2762,2761,IMPORTS
2764,2763,IMPORTS
2766,2765,IMPORTS
2768,2767,IMPORTS
5218,5217,IMPORTS
5220,5219,IMPORTS
5222,5221,IMPORTS
5224,5223,IMPORTS
5226,5225,IMPORTS
5228,5227,IMPORTS
5230,5229,IMPORTS
5844,5843,IMPORTS
5846,5845,IMPORTS
5848,5847,IMPORTS
5850,5849,IMPORTS
6511,6510,IMPORTS
6513,6512,IMPORTS
6538,6537,IMPORTS
6540,6539,IMPORTS
6542,6541,IMPORTS
6583,6582,IMPORTS
6585,6584,IMPORTS
6587,6586,IMPORTS
6589,6588,IMPORTS
6591,6590,IMPORTS
6593,6592,IMPORTS
6595,6594,IMPORTS
6597,6596,IMPORTS
9031,9030,IMPORTS
9033,9032,IMPORTS
9035,9034,IMPORTS
9042,9041,IMPORTS
9044,9043,IMPORTS
9046,9045,IMPORTS
9053,9052,IMPORTS
9055,9054,IMPORTS
9057,9056,IMPORTS
9059,9058,IMPORTS
9071,9070,IMPORTS
9073,9072,IMPORTS
9075,9074,IMPORTS
9077,9076,IMPORTS
9121,9120,IMPORTS
9123,9122,IMPORTS
9125,9124,IMPORTS
9502,9501,IMPORTS
9504,9503,IMPORTS
9506,9505,IMPORTS
9508,9507,IMPORTS
9515,9514,IMPORTS
9522,9521,IMPORTS
9524,9523,IMPORTS
9526,9525,IMPORTS
9528,9527,IMPORTS
9530,9529,IMPORTS
9532,9531,IMPORTS
9534,9533,IMPORTS
9541,9540,IMPORTS
9543,9542,IMPORTS
9550,9549,IMPORTS
9557,9556,IMPORTS
9712,9711,IMPORTS
9714,9713,IMPORTS
9716,9715,IMPORTS
9718,9717,IMPORTS
9720,9719,IMPORTS
9722,9721,IMPORTS
9724,9723,IMPORTS
9726,9725,IMPORTS
9728,9727,IMPORTS
9730,9729,IMPORTS
9732,9731,IMPORTS
9734,9733,IMPORTS
9736,9735,IMPORTS
9738,9737,IMPORTS
9740,9739,IMPORTS
9742,9741,IMPORTS
9744,9743,IMPORTS
9746,9745,IMPORTS
9748,9747,IMPORTS
17289,17288,IMPORTS
17291,17290,IMPORTS
17293,17292,IMPORTS
17295,17294,IMPORTS
17297,17296,IMPORTS
17299,17298,IMPORTS
17301,17300,IMPORTS
17303,17302,IMPORTS
17305,17304,IMPORTS
17307,17306,IMPORTS
17309,17308,IMPORTS
17311,17310,IMPORTS
17313,17312,IMPORTS
17325,17324,IMPORTS
17327,17326,IMPORTS
17329,17328,IMPORTS
17331,17330,IMPORTS
17354,17353,IMPORTS
17356,17355,IMPORTS
17358,17357,IMPORTS
17360,17359,IMPORTS
17461,17460,IMPORTS
17463,17462,IMPORTS
17465,17464,IMPORTS
17467,17466,IMPORTS
17474,17473,IMPORTS
17476,17475,IMPORTS
17492,17491,IMPORTS
17494,17493,IMPORTS
17501,17500,IMPORTS
17503,17502,IMPORTS
17505,17504,IMPORTS
17507,17506,IMPORTS
17509,17508,IMPORTS
17511,17510,IMPORTS
17513,17512,IMPORTS
17515,17514,IMPORTS
17804,17803,IMPORTS
17811,17810,IMPORTS
17813,17812,IMPORTS
17815,17814,IMPORTS
17817,17816,IMPORTS
17819,17818,IMPORTS
17821,17820,IMPORTS
17823,17822,IMPORTS
17825,17824,IMPORTS
17827,17826,IMPORTS
17829,17828,IMPORTS
17831,17830,IMPORTS
17833,17832,IMPORTS
17835,17834,IMPORTS
19539,19538,IMPORTS
19541,19540,IMPORTS
19543,19542,IMPORTS
19545,19544,IMPORTS
19547,19546,IMPORTS
19589,19588,IMPORTS
19591,19590,IMPORTS
19593,19592,IMPORTS
19595,19594,IMPORTS
19597,19596,IMPORTS
19599,19598,IMPORTS
19601,19600,IMPORTS
20850,20849,IMPORTS
20852,20851,IMPORTS
20854,20853,IMPORTS
20856,20855,IMPORTS
20966,20965,IMPORTS
20968,20967,IMPORTS
20970,20969,IMPORTS
20972,20971,IMPORTS
20974,20973,IMPORTS
20976,20975,IMPORTS
20978,20977,IMPORTS
20980,20979,IMPORTS
20982,20981,IMPORTS
24429,24428,IMPORTS
24431,24430,IMPORTS
24433,24432,IMPORTS
24435,24434,IMPORTS
24437,24436,IMPORTS
24439,24438,IMPORTS
24441,24440,IMPORTS
24448,24447,IMPORTS
24450,24449,IMPORTS
24457,24456,IMPORTS
24459,24458,IMPORTS
25017,25016,IMPORTS
25019,25018,IMPORTS
25035,25034,IMPORTS
25037,25036,IMPORTS
25039,25038,IMPORTS
25041,25040,IMPORTS
25043,25042,IMPORTS
25045,25044,IMPORTS
25047,25046,IMPORTS
25049,25048,IMPORTS
25051,25050,IMPORTS
25053,25052,IMPORTS
25055,25054,IMPORTS
25057,25056,IMPORTS
25059,25058,IMPORTS
25061,25060,IMPORTS
25063,25062,IMPORTS
25065,25064,IMPORTS
25067,25066,IMPORTS
25069,25068,IMPORTS
25071,25070,IMPORTS
25073,25072,IMPORTS
29732,29731,IMPORTS
29734,29733,IMPORTS
29736,29735,IMPORTS
29738,29737,IMPORTS
29740,29739,IMPORTS
29747,29746,IMPORTS
29749,29748,IMPORTS
29751,29750,IMPORTS
29753,29752,IMPORTS
29755,29754,IMPORTS
29757,29756,IMPORTS
29759,29758,IMPORTS
29761,29760,IMPORTS
29763,29762,IMPORTS
29765,29764,IMPORTS
29767,29766,IMPORTS
29769,29768,IMPORTS
29771,29770,IMPORTS
29773,29772,IMPORTS
29775,29774,IMPORTS
29777,29776,IMPORTS
29779,29778,IMPORTS
34208,34207,IMPORTS
34210,34209,IMPORTS
34212,34211,IMPORTS
34214,34213,IMPORTS
34216,34215,IMPORTS
34218,34217,IMPORTS
34435,34434,IMPORTS
34437,34436,IMPORTS
34439,34438,IMPORTS
34441,34440,IMPORTS
34443,34442,IMPORTS
34445,34444,IMPORTS
34447,34446,IMPORTS
34449,34448,IMPORTS
34451,34450,IMPORTS
36824,36823,IMPORTS
36826,36825,IMPORTS
36828,36827,IMPORTS
36830,36829,IMPORTS
36832,36831,IMPORTS
36834,36833,IMPORTS
36836,36835,IMPORTS
36843,36842,IMPORTS
36845,36844,IMPORTS
36847,36846,IMPORTS
36849,36848,IMPORTS
36851,36850,IMPORTS
36853,36852,IMPORTS
36855,36854,IMPORTS
36857,36856,IMPORTS
36859,36858,IMPORTS
36861,36860,IMPORTS
36863,36862,IMPORTS
37302,37301,IMPORTS
37304,37303,IMPORTS
37306,37305,IMPORTS
37308,37307,IMPORTS
37310,37309,IMPORTS
37312,37311,IMPORTS
37337,37336,IMPORTS
37339,37338,IMPORTS
37341,37340,IMPORTS
37343,37342,IMPORTS
37345,37344,IMPORTS
37347,37346,IMPORTS
37349,37348,IMPORTS
37351,37350,IMPORTS
37353,37352,IMPORTS
37355,37354,IMPORTS
37357,37356,IMPORTS
37359,37358,IMPORTS
37361,37360,IMPORTS
37363,37362,IMPORTS
37365,37364,IMPORTS
41114,41113,IMPORTS
41116,41115,IMPORTS
41118,41117,IMPORTS
41120,41119,IMPORTS
41122,41121,IMPORTS
41124,41123,IMPORTS
41126,41125,IMPORTS
41128,41127,IMPORTS
41130,41129,IMPORTS
41183,41182,IMPORTS
41185,41184,IMPORTS
41187,41186,IMPORTS
41189,41188,IMPORTS
41191,41190,IMPORTS
41193,41192,IMPORTS
41195,41194,IMPORTS
41197,41196,IMPORTS
41199,41198,IMPORTS
42177,42176,IMPORTS
42179,42178,IMPORTS
42181,42180,IMPORTS
42183,42182,IMPORTS
42185,42184,IMPORTS
42187,42186,IMPORTS
42194,42193,IMPORTS
42196,42195,IMPORTS
42198,42197,IMPORTS
42200,42199,IMPORTS
42202,42201,IMPORTS
42204,42203,IMPORTS
42206,42205,IMPORTS
42208,42207,IMPORTS
42707,42706,IMPORTS
42709,42708,IMPORTS
42711,42710,IMPORTS
42713,42712,IMPORTS
42715,42714,IMPORTS
42768,42767,IMPORTS
42770,42769,IMPORTS
42772,42771,IMPORTS
42774,42773,IMPORTS
42776,42775,IMPORTS
42778,42777,IMPORTS
42780,42779,IMPORTS
42782,42781,IMPORTS
42784,42783,IMPORTS
42786,42785,IMPORTS
42788,42787,IMPORTS
42790,42789,IMPORTS
43670,43669,IMPORTS
43672,43671,IMPORTS
43674,43673,IMPORTS
43676,43675,IMPORTS
43678,43677,IMPORTS
43680,43679,IMPORTS
43682,43681,IMPORTS
43689,43688,IMPORTS
43691,43690,IMPORTS
43693,43692,IMPORTS
43695,43694,IMPORTS
43697,43696,IMPORTS
43699,43698,IMPORTS
43701,43700,IMPORTS
43703,43702,IMPORTS
43705,43704,IMPORTS
43958,43957,IMPORTS
43960,43959,IMPORTS
43962,43961,IMPORTS
43964,43963,IMPORTS
43966,43965,IMPORTS
43968,43967,IMPORTS
43970,43969,IMPORTS
44025,44024,IMPORTS
44027,44026,IMPORTS
44029,44028,IMPORTS
44031,44030,IMPORTS
44033,44032,IMPORTS
44035,44034,IMPORTS
44037,44036,IMPORTS
44039,44038,IMPORTS
44041,44040,IMPORTS
44043,44042,IMPORTS
44045,44044,IMPORTS
44047,44046,IMPORTS
44049,44048,IMPORTS
44051,44050,IMPORTS
44053,44052,IMPORTS
44055,44054,IMPORTS
44057,44056,IMPORTS
51031,51030,IMPORTS
51033,51032,IMPORTS
51035,51034,IMPORTS
51037,51036,IMPORTS
51039,51038,IMPORTS
51041,51040,IMPORTS
51043,51042,IMPORTS
51045,51044,IMPORTS
51047,51046,IMPORTS
51049,51048,IMPORTS
51056,51055,IMPORTS
51058,51057,IMPORTS
51060,51059,IMPORTS
51062,51061,IMPORTS
51064,51063,IMPORTS
51066,51065,IMPORTS
51068,51067,IMPORTS
51070,51069,IMPORTS
51441,51440,IMPORTS
51443,51442,IMPORTS
51445,51444,IMPORTS
51447,51446,IMPORTS
51449,51448,IMPORTS
51456,51455,IMPORTS
51458,51457,IMPORTS
51460,51459,IMPORTS
51462,51461,IMPORTS
51464,51463,IMPORTS
51466,51465,IMPORTS
51468,51467,IMPORTS
51470,51469,IMPORTS
51472,51471,IMPORTS
52197,52196,IMPORTS
52199,52198,IMPORTS
52201,52200,IMPORTS
52203,52202,IMPORTS
52205,52204,IMPORTS
52207,52206,IMPORTS
52214,52213,IMPORTS
52216,52215,IMPORTS
52218,52217,IMPORTS
52220,52219,IMPORTS
52222,52221,IMPORTS
52224,52223,IMPORTS
52226,52225,IMPORTS
52228,52227,IMPORTS
52230,52229,IMPORTS
52232,52231,IMPORTS
52234,52233,IMPORTS
52236,52235,IMPORTS
54489,54488,IMPORTS
54491,54490,IMPORTS
54493,54492,IMPORTS
54495,54494,IMPORTS
54497,54496,IMPORTS
54499,54498,IMPORTS
54501,54500,IMPORTS
54508,54507,IMPORTS
54510,54509,IMPORTS
54512,54511,IMPORTS
54514,54513,IMPORTS
54516,54515,IMPORTS
54518,54517,IMPORTS
54520,54519,IMPORTS
54522,54521,IMPORTS
54939,54938,IMPORTS
54941,54940,IMPORTS
54943,54942,IMPORTS
54945,54944,IMPORTS
55045,55044,IMPORTS
55047,55046,IMPORTS
55049,55048,IMPORTS
55051,55050,IMPORTS
55053,55052,IMPORTS
55055,55054,IMPORTS
55057,55056,IMPORTS
55059,55058,IMPORTS
55061,55060,IMPORTS
55063,55062,IMPORTS
57974,57973,IMPORTS
57976,57975,IMPORTS
57978,57977,IMPORTS
57980,57979,IMPORTS
57982,57981,IMPORTS
57989,57988,IMPORTS
57991,57990,IMPORTS
57993,57992,IMPORTS
57995,57994,IMPORTS
57997,57996,IMPORTS
57999,57998,IMPORTS
58001,58000,IMPORTS
58465,58464,IMPORTS
58467,58466,IMPORTS
58469,58468,IMPORTS
58476,58475,IMPORTS
58478,58477,IMPORTS
58480,58479,IMPORTS
58482,58481,IMPORTS
58484,58483,IMPORTS
58486,58485,IMPORTS
58488,58487,IMPORTS
58604,58603,IMPORTS
58606,58605,IMPORTS
58697,58696,IMPORTS
58699,58698,IMPORTS
58701,58700,IMPORTS
58703,58702,IMPORTS
58705,58704,IMPORTS
58707,58706,IMPORTS
58709,58708,IMPORTS
58711,58710,IMPORTS
58713,58712,IMPORTS
58715,58714,IMPORTS
58717,58716,IMPORTS
58719,58718,IMPORTS
58721,58720,IMPORTS
66065,66064,IMPORTS
66067,66066,IMPORTS
66069,66068,IMPORTS
66071,66070,IMPORTS
66073,66072,IMPORTS
66075,66074,IMPORTS
66077,66076,IMPORTS
66079,66078,IMPORTS
66111,66110,IMPORTS
66113,66112,IMPORTS
66115,66114,IMPORTS
66117,66116,IMPORTS
66119,66118,IMPORTS
66121,66120,IMPORTS
66123,66122,IMPORTS
66125,66124,IMPORTS
66127,66126,IMPORTS
66129,66128,IMPORTS
66131,66130,IMPORTS
66133,66132,IMPORTS
66135,66134,IMPORTS
66137,66136,IMPORTS
66139,66138,IMPORTS
68577,68576,IMPORTS
68579,68578,IMPORTS
68581,68580,IMPORTS
68583,68582,IMPORTS
68585,68584,IMPORTS
68587,68586,IMPORTS
68589,68588,IMPORTS
68591,68590,IMPORTS
68593,68592,IMPORTS
68595,68594,IMPORTS
68597,68596,IMPORTS
68599,68598,IMPORTS
68601,68600,IMPORTS
68603,68602,IMPORTS
68605,68604,IMPORTS
68607,68606,IMPORTS
68609,68608,IMPORTS
68611,68610,IMPORTS
68613,68612,IMPORTS
68615,68614,IMPORTS
68617,68616,IMPORTS
68619,68618,IMPORTS
68621,68620,IMPORTS
68623,68622,IMPORTS
68625,68624,IMPORTS
68632,68631,IMPORTS
68634,68633,IMPORTS
68636,68635,IMPORTS
68638,68637,IMPORTS
68640,68639,IMPORTS
68642,68641,IMPORTS
68644,68643,IMPORTS
68646,68645,IMPORTS
68648,68647,IMPORTS
68650,68649,IMPORTS
68652,68651,IMPORTS
68654,68653,IMPORTS
68656,68655,IMPORTS
70697,70696,IMPORTS
70699,70698,IMPORTS
70701,70700,IMPORTS
70703,70702,IMPORTS
70705,70704,IMPORTS
70707,70706,IMPORTS
71181,71180,IMPORTS
71183,71182,IMPORTS
71185,71184,IMPORTS
71187,71186,IMPORTS
71189,71188,IMPORTS
71191,71190,IMPORTS
71193,71192,IMPORTS
71195,71194,IMPORTS
71197,71196,IMPORTS
71199,71198,IMPORTS
71201,71200,IMPORTS
71203,71202,IMPORTS
71205,71204,IMPORTS
71207,71206,IMPORTS
71209,71208,IMPORTS
71211,71210,IMPORTS
71213,71212,IMPORTS
71215,71214,IMPORTS
71217,71216,IMPORTS
73667,73666,IMPORTS
73669,73668,IMPORTS
73671,73670,IMPORTS
73673,73672,IMPORTS
73675,73674,IMPORTS
73677,73676,IMPORTS
73679,73678,IMPORTS
73681,73680,IMPORTS
73683,73682,IMPORTS
73685,73684,IMPORTS
73687,73686,IMPORTS
73694,73693,IMPORTS
73696,73695,IMPORTS
73698,73697,IMPORTS
73852,73851,IMPORTS
73854,73853,IMPORTS
73856,73855,IMPORTS
73858,73857,IMPORTS
73860,73859,IMPORTS
73862,73861,IMPORTS
73864,73863,IMPORTS
73866,73865,IMPORTS
73868,73867,IMPORTS
73870,73869,IMPORTS
73872,73871,IMPORTS
73874,73873,IMPORTS
73876,73875,IMPORTS
73878,73877,IMPORTS
73880,73879,IMPORTS
73882,73881,IMPORTS
73884,73883,IMPORTS
73886,73885,IMPORTS
73888,73887,IMPORTS
73890,73889,IMPORTS
73892,73891,IMPORTS
74449,74448,IMPORTS
74451,74450,IMPORTS
74453,74452,IMPORTS
74455,74454,IMPORTS
74457,74456,IMPORTS
74464,74463,IMPORTS
74471,74470,IMPORTS
74473,74472,IMPORTS
74475,74474,IMPORTS
74477,74476,IMPORTS
74479,74478,IMPORTS
74481,74480,IMPORTS
74483,74482,IMPORTS
74485,74484,IMPORTS
74487,74486,IMPORTS
75367,75366,IMPORTS
75369,75368,IMPORTS
75371,75370,IMPORTS
75373,75372,IMPORTS
75380,75379,IMPORTS
75382,75381,IMPORTS
75384,75383,IMPORTS
75386,75385,IMPORTS
75388,75387,IMPORTS
75390,75389,IMPORTS
75392,75391,IMPORTS
75394,75393,IMPORTS
75396,75395,IMPORTS
75398,75397,IMPORTS
75400,75399,IMPORTS
75402,75401,IMPORTS
75404,75403,IMPORTS
75406,75405,IMPORTS
75408,75407,IMPORTS
75671,75670,IMPORTS
75673,75672,IMPORTS
75675,75674,IMPORTS
75677,75676,IMPORTS
75679,75678,IMPORTS
75681,75680,IMPORTS
75683,75682,IMPORTS
75685,75684,IMPORTS
75687,75686,IMPORTS
75689,75688,IMPORTS
75691,75690,IMPORTS
75693,75692,IMPORTS
75695,75694,IMPORTS
75697,75696,IMPORTS
75699,75698,IMPORTS
75701,75700,IMPORTS
75703,75702,IMPORTS
75705,75704,IMPORTS
75707,75706,IMPORTS
75709,75708,IMPORTS
75711,75710,IMPORTS
75713,75712,IMPORTS
75715,75714,IMPORTS
75717,75716,IMPORTS
75719,75718,IMPORTS
75721,75720,IMPORTS
75723,75722,IMPORTS
75725,75724,IMPORTS
75727,75726,IMPORTS
80644,80643,IMPORTS
80646,80645,IMPORTS
80648,80647,IMPORTS
80650,80649,IMPORTS
80652,80651,IMPORTS
80654,80653,IMPORTS
80656,80655,IMPORTS
80658,80657,IMPORTS
80660,80659,IMPORTS
80662,80661,IMPORTS
80664,80663,IMPORTS
80666,80665,IMPORTS
80668,80667,IMPORTS
80670,80669,IMPORTS
80672,80671,IMPORTS
80674,80673,IMPORTS
80676,80675,IMPORTS
80678,80677,IMPORTS
80680,80679,IMPORTS
80682,80681,IMPORTS
80684,80683,IMPORTS
80686,80685,IMPORTS
80688,80687,IMPORTS
80690,80689,IMPORTS
80692,80691,IMPORTS
80694,80693,IMPORTS
80696,80695,IMPORTS
80698,80697,IMPORTS
80700,80699,IMPORTS
80702,80701,IMPORTS
80704,80703,IMPORTS
80706,80705,IMPORTS
80708,80707,IMPORTS
80710,80709,IMPORTS
80722,80721,IMPORTS
80724,80723,IMPORTS
80726,80725,IMPORTS
80728,80727,IMPORTS
80730,80729,IMPORTS
80732,80731,IMPORTS
80734,80733,IMPORTS
81371,81370,IMPORTS
81373,81372,IMPORTS
81375,81374,IMPORTS
81377,81376,IMPORTS
81379,81378,IMPORTS
81850,81849,IMPORTS
81852,81851,IMPORTS
81854,81853,IMPORTS
81856,81855,IMPORTS
81863,81862,IMPORTS
81865,81864,IMPORTS
81867,81866,IMPORTS
81869,81868,IMPORTS
81871,81870,IMPORTS
81873,81872,IMPORTS
81875,81874,IMPORTS
83553,83552,IMPORTS
83555,83554,IMPORTS
83557,83556,IMPORTS
83709,83708,IMPORTS
83711,83710,IMPORTS
83713,83712,IMPORTS
83715,83714,IMPORTS
83717,83716,IMPORTS
83719,83718,IMPORTS
86142,86141,IMPORTS
86144,86143,IMPORTS
86146,86145,IMPORTS
86148,86147,IMPORTS
86150,86149,IMPORTS
86152,86151,IMPORTS
86154,86153,IMPORTS
86156,86155,IMPORTS
86158,86157,IMPORTS
86160,86159,IMPORTS
86162,86161,IMPORTS
86206,86205,IMPORTS
86208,86207,IMPORTS
86210,86209,IMPORTS
86212,86211,IMPORTS
86214,86213,IMPORTS
86216,86215,IMPORTS
87012,87011,IMPORTS
87014,87013,IMPORTS
87016,87015,IMPORTS
87018,87017,IMPORTS
87020,87019,IMPORTS
87022,87021,IMPORTS
87187,87186,IMPORTS
87189,87188,IMPORTS
87191,87190,IMPORTS
87193,87192,IMPORTS
87195,87194,IMPORTS
87707,87706,IMPORTS
87709,87708,IMPORTS
87711,87710,IMPORTS
87713,87712,IMPORTS
87715,87714,IMPORTS
87941,87940,IMPORTS
87943,87942,IMPORTS
87945,87944,IMPORTS
88014,88013,IMPORTS
88016,88015,IMPORTS
88048,88047,IMPORTS
88050,88049,IMPORTS
88052,88051,IMPORTS
88054,88053,IMPORTS
88056,88055,IMPORTS
88058,88057,IMPORTS
88060,88059,IMPORTS
88627,88626,IMPORTS
88629,88628,IMPORTS
88631,88630,IMPORTS
88685,88684,IMPORTS
88687,88686,IMPORTS
88689,88688,IMPORTS
88691,88690,IMPORTS
89143,89142,IMPORTS
89145,89144,IMPORTS
89197,89196,IMPORTS
89199,89198,IMPORTS
89201,89200,IMPORTS
89203,89202,IMPORTS
89562,89561,IMPORTS
89564,89563,IMPORTS
89566,89565,IMPORTS
89568,89567,IMPORTS
89828,89827,IMPORTS
89830,89829,IMPORTS
89832,89831,IMPORTS
89834,89833,IMPORTS
89836,89835,IMPORTS
89838,89837,IMPORTS
89840,89839,IMPORTS
89842,89841,IMPORTS
89844,89843,IMPORTS
89846,89845,IMPORTS
89848,89847,IMPORTS
89850,89849,IMPORTS
89852,89851,IMPORTS
89854,89853,IMPORTS
89856,89855,IMPORTS
89858,89857,IMPORTS
89860,89859,IMPORTS
89862,89861,IMPORTS
89864,89863,IMPORTS
89866,89865,IMPORTS
89868,89867,IMPORTS
89870,89869,IMPORTS
89872,89871,IMPORTS
89874,89873,IMPORTS
89876,89875,IMPORTS
89878,89877,IMPORTS
89880,89879,IMPORTS
89882,89881,IMPORTS
92269,92268,IMPORTS
92271,92270,IMPORTS
92273,92272,IMPORTS
92275,92274,IMPORTS
92332,92331,IMPORTS
92334,92333,IMPORTS
92336,92335,IMPORTS
92338,92337,IMPORTS
92340,92339,IMPORTS
92342,92341,IMPORTS
92344,92343,IMPORTS
92346,92345,IMPORTS
92348,92347,IMPORTS
92350,92349,IMPORTS
92352,92351,IMPORTS
92354,92353,IMPORTS
92356,92355,IMPORTS
92358,92357,IMPORTS
92360,92359,IMPORTS
92362,92361,IMPORTS
93231,93230,IMPORTS
93233,93232,IMPORTS
93235,93234,IMPORTS
93237,93236,IMPORTS
93239,93238,IMPORTS
93246,93245,IMPORTS
93248,93247,IMPORTS
93250,93249,IMPORTS
93252,93251,IMPORTS
93254,93253,IMPORTS
93256,93255,IMPORTS
93258,93257,IMPORTS
93260,93259,IMPORTS
93262,93261,IMPORTS
93264,93263,IMPORTS
94736,94735,IMPORTS
94738,94737,IMPORTS
94740,94739,IMPORTS
94742,94741,IMPORTS
94744,94743,IMPORTS
94746,94745,IMPORTS
94748,94747,IMPORTS
94750,94749,IMPORTS
94752,94751,IMPORTS
94754,94753,IMPORTS
94756,94755,IMPORTS
94758,94757,IMPORTS
94760,94759,IMPORTS
96368,96367,IMPORTS
96370,96369,IMPORTS
96388,96387,IMPORTS
96390,96389,IMPORTS
96392,96391,IMPORTS
96394,96393,IMPORTS
96396,96395,IMPORTS
96398,96397,IMPORTS
96400,96399,IMPORTS
96402,96401,IMPORTS
98670,98669,IMPORTS
98672,98671,IMPORTS
98674,98673,IMPORTS
98676,98675,IMPORTS
98683,98682,IMPORTS
98685,98684,IMPORTS
98687,98686,IMPORTS
98689,98688,IMPORTS
98691,98690,IMPORTS
98693,98692,IMPORTS
98695,98694,IMPORTS
98697,98696,IMPORTS
98699,98698,IMPORTS
98701,98700,IMPORTS
100454,100453,IMPORTS
100456,100455,IMPORTS
100458,100457,IMPORTS
100460,100459,IMPORTS
100462,100461,IMPORTS
100464,100463,IMPORTS
100471,100470,IMPORTS
100473,100472,IMPORTS
100475,100474,IMPORTS
101349,101348,IMPORTS
101351,101350,IMPORTS
101696,101695,IMPORTS
101698,101697,IMPORTS
101700,101699,IMPORTS
101702,101701,IMPORTS
101704,101703,IMPORTS
101706,101705,IMPORTS
101708,101707,IMPORTS
122298,122297,IMPORTS
122300,122299,IMPORTS
122919,122918,IMPORTS
122921,122920,IMPORTS
122923,122922,IMPORTS
122925,122924,IMPORTS
122935,122934,IMPORTS
122937,122936,IMPORTS
122939,122938,IMPORTS
122941,122940,IMPORTS
122943,122942,IMPORTS
122945,122944,IMPORTS
122947,122946,IMPORTS
123703,123702,IMPORTS
123705,123704,IMPORTS
123712,123711,IMPORTS
123714,123713,IMPORTS
123716,123715,IMPORTS
123718,123717,IMPORTS
123720,123719,IMPORTS
124561,124560,IMPORTS
124563,124562,IMPORTS
124565,124564,IMPORTS
124567,124566,IMPORTS
124947,124946,IMPORTS
124949,124948,IMPORTS
124951,124950,IMPORTS
124953,124952,IMPORTS
124955,124954,IMPORTS
124962,124961,IMPORTS
125202,125201,IMPORTS
125204,125203,IMPORTS
125206,125205,IMPORTS
125208,125207,IMPORTS
125210,125209,IMPORTS
125217,125216,IMPORTS
125219,125218,IMPORTS
125221,125220,IMPORTS
125223,125222,IMPORTS
125225,125224,IMPORTS
125227,125226,IMPORTS
125229,125228,IMPORTS
125231,125230,IMPORTS
125233,125232,IMPORTS
125235,125234,IMPORTS
125237,125236,IMPORTS
125239,125238,IMPORTS
125241,125240,IMPORTS
125243,125242,IMPORTS
125245,125244,IMPORTS
125247,125246,IMPORTS
125298,125297,IMPORTS
125300,125299,IMPORTS
125307,125306,IMPORTS
125309,125308,IMPORTS
125311,125310,IMPORTS
125313,125312,IMPORTS
125315,125314,IMPORTS
125317,125316,IMPORTS
125319,125318,IMPORTS
125360,125359,IMPORTS
125362,125361,IMPORTS
125364,125363,IMPORTS
125366,125365,IMPORTS
125368,125367,IMPORTS
125370,125369,IMPORTS
125372,125371,IMPORTS
125374,125373,IMPORTS
125376,125375,IMPORTS
125378,125377,IMPORTS
125380,125379,IMPORTS
125382,125381,IMPORTS
128743,128742,IMPORTS
128745,128744,IMPORTS
128747,128746,IMPORTS
128749,128748,IMPORTS
128813,128812,IMPORTS
128815,128814,IMPORTS
128817,128816,IMPORTS
128819,128818,IMPORTS
128821,128820,IMPORTS
128823,128822,IMPORTS
128825,128824,IMPORTS
128827,128826,IMPORTS
128829,128828,IMPORTS
128831,128830,IMPORTS
128833,128832,IMPORTS
128835,128834,IMPORTS
128837,128836,IMPORTS
128839,128838,IMPORTS
128841,128840,IMPORTS
128843,128842,IMPORTS
128845,128844,IMPORTS
128847,128846,IMPORTS
128849,128848,IMPORTS
128851,128850,IMPORTS
128853,128852,IMPORTS
128855,128854,IMPORTS
128857,128856,IMPORTS
128859,128858,IMPORTS
128861,128860,IMPORTS
128863,128862,IMPORTS
128865,128864,IMPORTS
128867,128866,IMPORTS
128869,128868,IMPORTS
128871,128870,IMPORTS
128873,128872,IMPORTS
128875,128874,IMPORTS
128877,128876,IMPORTS
128879,128878,IMPORTS
128881,128880,IMPORTS
128883,128882,IMPORTS
128885,128884,IMPORTS
128887,128886,IMPORTS
128889,128888,IMPORTS
128891,128890,IMPORTS
128893,128892,IMPORTS
128895,128894,IMPORTS
128897,128896,IMPORTS
128899,128898,IMPORTS
128901,128900,IMPORTS
128903,128902,IMPORTS
128905,128904,IMPORTS
128907,128906,IMPORTS
128909,128908,IMPORTS
128911,128910,IMPORTS
128913,128912,IMPORTS
128915,128914,IMPORTS
128917,128916,IMPORTS
130879,130878,IMPORTS
130881,130880,IMPORTS
130883,130882,IMPORTS
130885,130884,IMPORTS
130887,130886,IMPORTS
130889,130888,IMPORTS
130891,130890,IMPORTS
130893,130892,IMPORTS
130895,130894,IMPORTS
130897,130896,IMPORTS
130899,130898,IMPORTS
132868,132867,IMPORTS
132870,132869,IMPORTS
132872,132871,IMPORTS
132874,132873,IMPORTS
132876,132875,IMPORTS
132878,132877,IMPORTS
132880,132879,IMPORTS
132882,132881,IMPORTS
132884,132883,IMPORTS
132886,132885,IMPORTS
132888,132887,IMPORTS
132890,132889,IMPORTS
132892,132891,IMPORTS
132894,132893,IMPORTS
132896,132895,IMPORTS
132898,132897,IMPORTS
132900,132899,IMPORTS
132902,132901,IMPORTS
137583,137582,IMPORTS
137585,137584,IMPORTS
137837,137836,IMPORTS
137839,137838,IMPORTS
137841,137840,IMPORTS
137843,137842,IMPORTS
137845,137844,IMPORTS
137936,137935,IMPORTS
138245,138244,IMPORTS
138247,138246,IMPORTS
138249,138248,IMPORTS
138251,138250,IMPORTS
138253,138252,IMPORTS
138255,138254,IMPORTS
138257,138256,IMPORTS
138259,138258,IMPORTS
139577,139576,IMPORTS
139579,139578,IMPORTS
139581,139580,IMPORTS
139583,139582,IMPORTS
139883,139882,IMPORTS
139885,139884,IMPORTS
139887,139886,IMPORTS
139889,139888,IMPORTS
139891,139890,IMPORTS
139893,139892,IMPORTS
139895,139894,IMPORTS
139897,139896,IMPORTS
139899,139898,IMPORTS
139901,139900,IMPORTS
139903,139902,IMPORTS
139905,139904,IMPORTS
139907,139906,IMPORTS
139909,139908,IMPORTS
141918,141917,IMPORTS
141920,141919,IMPORTS
141922,141921,IMPORTS
141924,141923,IMPORTS
141926,141925,IMPORTS
141928,141927,IMPORTS
141930,141929,IMPORTS
141932,141931,IMPORTS
141934,141933,IMPORTS
141936,141935,IMPORTS
141938,141937,IMPORTS
141940,141939,IMPORTS
141942,141941,IMPORTS
141944,141943,IMPORTS
141958,141957,IMPORTS
141960,141959,IMPORTS
142026,142025,IMPORTS
142176,142175,IMPORTS
142178,142177,IMPORTS
142180,142179,IMPORTS
142182,142181,IMPORTS
142184,142183,IMPORTS
142186,142185,IMPORTS
142188,142187,IMPORTS
142190,142189,IMPORTS
142192,142191,IMPORTS
142194,142193,IMPORTS
142196,142195,IMPORTS
142198,142197,IMPORTS
142200,142199,IMPORTS
142202,142201,IMPORTS
142204,142203,IMPORTS
142206,142205,IMPORTS
147485,147484,IMPORTS
147487,147486,IMPORTS
147594,147593,IMPORTS
147596,147595,IMPORTS
147598,147597,IMPORTS
147600,147599,IMPORTS
147602,147601,IMPORTS
147604,147603,IMPORTS
147606,147605,IMPORTS
147608,147607,IMPORTS
149675,149674,IMPORTS
149677,149676,IMPORTS
149679,149678,IMPORTS
149681,149680,IMPORTS
149683,149682,IMPORTS
149685,149684,IMPORTS
149687,149686,IMPORTS
149689,149688,IMPORTS
149691,149690,IMPORTS
149693,149692,IMPORTS
149695,149694,IMPORTS
149697,149696,IMPORTS
149704,149703,IMPORTS
149706,149705,IMPORTS
149708,149707,IMPORTS
149710,149709,IMPORTS
149712,149711,IMPORTS
149714,149713,IMPORTS
149716,149715,IMPORTS
149775,149774,IMPORTS
149777,149776,IMPORTS
149779,149778,IMPORTS
149781,149780,IMPORTS
149783,149782,IMPORTS
149785,149784,IMPORTS
149787,149786,IMPORTS
149789,149788,IMPORTS
149791,149790,IMPORTS
149793,149792,IMPORTS
149795,149794,IMPORTS
149797,149796,IMPORTS
149799,149798,IMPORTS
149801,149800,IMPORTS
149803,149802,IMPORTS
149805,149804,IMPORTS
149807,149806,IMPORTS
150432,150431,IMPORTS
150434,150433,IMPORTS
150441,150440,IMPORTS
150443,150442,IMPORTS
150534,150533,IMPORTS
150536,150535,IMPORTS
150538,150537,IMPORTS
150540,150539,IMPORTS
150542,150541,IMPORTS
150544,150543,IMPORTS
150546,150545,IMPORTS
150548,150547,IMPORTS
150550,150549,IMPORTS
150552,150551,IMPORTS
150554,150553,IMPORTS
155315,155314,IMPORTS
155317,155316,IMPORTS
155319,155318,IMPORTS
155326,155325,IMPORTS
155328,155327,IMPORTS
155330,155329,IMPORTS
155332,155331,IMPORTS
155334,155333,IMPORTS
155336,155335,IMPORTS
155338,155337,IMPORTS
155340,155339,IMPORTS
155342,155341,IMPORTS
155344,155343,IMPORTS
155605,155604,IMPORTS
155607,155606,IMPORTS
155609,155608,IMPORTS
155611,155610,IMPORTS
155613,155612,IMPORTS
155615,155614,IMPORTS
155617,155616,IMPORTS
155903,155902,IMPORTS
155905,155904,IMPORTS
155907,155906,IMPORTS
155909,155908,IMPORTS
155911,155910,IMPORTS
155913,155912,IMPORTS
155915,155914,IMPORTS
155917,155916,IMPORTS
155919,155918,IMPORTS
155921,155920,IMPORTS
155923,155922,IMPORTS
155925,155924,IMPORTS
155927,155926,IMPORTS
155929,155928,IMPORTS
155931,155930,IMPORTS
155933,155932,IMPORTS
155935,155934,IMPORTS
155937,155936,IMPORTS
155939,155938,IMPORTS
155941,155940,IMPORTS
155943,155942,IMPORTS
155945,155944,IMPORTS
155988,155987,IMPORTS
155990,155989,IMPORTS
155992,155991,IMPORTS
155994,155993,IMPORTS
155996,155995,IMPORTS
155998,155997,IMPORTS
156000,155999,IMPORTS
156002,156001,IMPORTS
156004,156003,IMPORTS
156006,156005,IMPORTS
156008,156007,IMPORTS
156010,156009,IMPORTS
156012,156011,IMPORTS
156014,156013,IMPORTS
156016,156015,IMPORTS
156018,156017,IMPORTS
158558,158557,IMPORTS
158576,158575,IMPORTS
158578,158577,IMPORTS
158580,158579,IMPORTS
158582,158581,IMPORTS
158584,158583,IMPORTS
158586,158585,IMPORTS
158588,158587,IMPORTS
160276,160275,IMPORTS
160278,160277,IMPORTS
160280,160279,IMPORTS
160282,160281,IMPORTS
160284,160283,IMPORTS
160286,160285,IMPORTS
160288,160287,IMPORTS
160290,160289,IMPORTS
160292,160291,IMPORTS
160294,160293,IMPORTS
163201,163200,IMPORTS
163203,163202,IMPORTS
163205,163204,IMPORTS
163207,163206,IMPORTS
163219,163218,IMPORTS
163221,163220,IMPORTS
163223,163222,IMPORTS
163225,163224,IMPORTS
163227,163226,IMPORTS
163268,163267,IMPORTS
163270,163269,IMPORTS
163272,163271,IMPORTS
163274,163273,IMPORTS
163281,163280,IMPORTS
163283,163282,IMPORTS
164379,164378,IMPORTS
164381,164380,IMPORTS
164383,164382,IMPORTS
164385,164384,IMPORTS
164387,164386,IMPORTS
164389,164388,IMPORTS
164391,164390,IMPORTS
164393,164392,IMPORTS
164395,164394,IMPORTS
164397,164396,IMPORTS
164399,164398,IMPORTS
164401,164400,IMPORTS
164403,164402,IMPORTS
164405,164404,IMPORTS
164407,164406,IMPORTS
164409,164408,IMPORTS
164411,164410,IMPORTS
164413,164412,IMPORTS
164415,164414,IMPORTS
164417,164416,IMPORTS
164419,164418,IMPORTS
164421,164420,IMPORTS
186442,186441,IMPORTS
186444,186443,IMPORTS
186446,186445,IMPORTS
186448,186447,IMPORTS
186450,186449,IMPORTS
186651,186650,IMPORTS
186653,186652,IMPORTS
186655,186654,IMPORTS
186657,186656,IMPORTS
186659,186658,IMPORTS
186661,186660,IMPORTS
186663,186662,IMPORTS
186665,186664,IMPORTS
186667,186666,IMPORTS
186669,186668,IMPORTS
186671,186670,IMPORTS
186673,186672,IMPORTS
186675,186674,IMPORTS
186677,186676,IMPORTS
186679,186678,IMPORTS
186681,186680,IMPORTS
186683,186682,IMPORTS
186685,186684,IMPORTS
186687,186686,IMPORTS
197798,197797,IMPORTS
197800,197799,IMPORTS
197802,197801,IMPORTS
197804,197803,IMPORTS
197806,197805,IMPORTS
197808,197807,IMPORTS
197810,197809,IMPORTS
197812,197811,IMPORTS
197814,197813,IMPORTS
197816,197815,IMPORTS
197818,197817,IMPORTS
197820,197819,IMPORTS
197827,197826,IMPORTS
197834,197833,IMPORTS
197836,197835,IMPORTS
197838,197837,IMPORTS
197840,197839,IMPORTS
197842,197841,IMPORTS
197844,197843,IMPORTS
198461,198460,IMPORTS
198463,198462,IMPORTS
198465,198464,IMPORTS
198502,198501,IMPORTS
198504,198503,IMPORTS
198506,198505,IMPORTS
198508,198507,IMPORTS
198510,198509,IMPORTS
198512,198511,IMPORTS
198514,198513,IMPORTS
198516,198515,IMPORTS
198518,198517,IMPORTS
198520,198519,IMPORTS
198522,198521,IMPORTS
202267,202266,IMPORTS
202269,202268,IMPORTS
202271,202270,IMPORTS
202273,202272,IMPORTS
202275,202274,IMPORTS
202277,202276,IMPORTS
202279,202278,IMPORTS
202281,202280,IMPORTS
202283,202282,IMPORTS
202285,202284,IMPORTS
202287,202286,IMPORTS
202289,202288,IMPORTS
202291,202290,IMPORTS
202293,202292,IMPORTS
202295,202294,IMPORTS
202297,202296,IMPORTS
202299,202298,IMPORTS
202301,202300,IMPORTS
202303,202302,IMPORTS
202305,202304,IMPORTS
202307,202306,IMPORTS
202309,202308,IMPORTS
202311,202310,IMPORTS
202313,202312,IMPORTS
202320,202319,IMPORTS
202322,202321,IMPORTS
202324,202323,IMPORTS
202326,202325,IMPORTS
202328,202327,IMPORTS
202330,202329,IMPORTS
202337,202336,IMPORTS
202339,202338,IMPORTS
202341,202340,IMPORTS
202343,202342,IMPORTS
202345,202344,IMPORTS
202347,202346,IMPORTS
202349,202348,IMPORTS
202351,202350,IMPORTS
202353,202352,IMPORTS
202355,202354,IMPORTS
202357,202356,IMPORTS
202359,202358,IMPORTS
202366,202365,IMPORTS
202368,202367,IMPORTS
202370,202369,IMPORTS
202372,202371,IMPORTS
202374,202373,IMPORTS
202394,202393,IMPORTS
202396,202395,IMPORTS
202398,202397,IMPORTS
202400,202399,IMPORTS
202402,202401,IMPORTS
202404,202403,IMPORTS
202406,202405,IMPORTS
202408,202407,IMPORTS
202410,202409,IMPORTS
202412,202411,IMPORTS
202414,202413,IMPORTS
202416,202415,IMPORTS
202418,202417,IMPORTS
202420,202419,IMPORTS
202422,202421,IMPORTS
202424,202423,IMPORTS
202715,202714,IMPORTS
202717,202716,IMPORTS
202719,202718,IMPORTS
202721,202720,IMPORTS
202723,202722,IMPORTS
202725,202724,IMPORTS
202727,202726,IMPORTS
202734,202733,IMPORTS
202736,202735,IMPORTS
202743,202742,IMPORTS
202802,202801,IMPORTS
202804,202803,IMPORTS
202806,202805,IMPORTS
202808,202807,IMPORTS
202810,202809,IMPORTS
202812,202811,IMPORTS
202814,202813,IMPORTS
202816,202815,IMPORTS
202818,202817,IMPORTS
202820,202819,IMPORTS
208199,208198,IMPORTS
208201,208200,IMPORTS
208203,208202,IMPORTS
208205,208204,IMPORTS
208207,208206,IMPORTS
208209,208208,IMPORTS
208211,208210,IMPORTS
208218,208217,IMPORTS
208220,208219,IMPORTS
208222,208221,IMPORTS
208224,208223,IMPORTS
208226,208225,IMPORTS
208228,208227,IMPORTS
208230,208229,IMPORTS
208232,208231,IMPORTS
208234,208233,IMPORTS
208236,208235,IMPORTS
208238,208237,IMPORTS
208240,208239,IMPORTS
208242,208241,IMPORTS
208244,208243,IMPORTS
208246,208245,IMPORTS
208248,208247,IMPORTS
208250,208249,IMPORTS
208252,208251,IMPORTS
208254,208253,IMPORTS
208256,208255,IMPORTS
208258,208257,IMPORTS
208260,208259,IMPORTS
208262,208261,IMPORTS
208264,208263,IMPORTS
208266,208265,IMPORTS
208388,208387,IMPORTS
208390,208389,IMPORTS
208392,208391,IMPORTS
208394,208393,IMPORTS
208401,208400,IMPORTS
208403,208402,IMPORTS
208405,208404,IMPORTS
208407,208406,IMPORTS
208414,208413,IMPORTS
208416,208415,IMPORTS
208646,208645,IMPORTS
208648,208647,IMPORTS
208650,208649,IMPORTS
208699,208698,IMPORTS
208701,208700,IMPORTS
208703,208702,IMPORTS
208705,208704,IMPORTS
208707,208706,IMPORTS
208709,208708,IMPORTS
208711,208710,IMPORTS
208713,208712,IMPORTS
208715,208714,IMPORTS
208717,208716,IMPORTS
208719,208718,IMPORTS
208721,208720,IMPORTS
208723,208722,IMPORTS
208725,208724,IMPORTS
211693,211692,IMPORTS
211695,211694,IMPORTS
211697,211696,IMPORTS
211699,211698,IMPORTS
211701,211700,IMPORTS
211703,211702,IMPORTS
211705,211704,IMPORTS
211707,211706,IMPORTS
211724,211723,IMPORTS
211726,211725,IMPORTS
211728,211727,IMPORTS
211730,211729,IMPORTS
211732,211731,IMPORTS
211734,211733,IMPORTS
211736,211735,IMPORTS
211738,211737,IMPORTS
213599,213598,IMPORTS
213601,213600,IMPORTS
213603,213602,IMPORTS
213605,213604,IMPORTS
213607,213606,IMPORTS
213609,213608,IMPORTS
213611,213610,IMPORTS
213613,213612,IMPORTS
213615,213614,IMPORTS
213617,213616,IMPORTS
213619,213618,IMPORTS
215879,215878,IMPORTS
215881,215880,IMPORTS
215883,215882,IMPORTS
215885,215884,IMPORTS
215887,215886,IMPORTS
215889,215888,IMPORTS
215891,215890,IMPORTS
215893,215892,IMPORTS
215900,215899,IMPORTS
215902,215901,IMPORTS
215904,215903,IMPORTS
215906,215905,IMPORTS
215908,215907,IMPORTS
215910,215909,IMPORTS
215912,215911,IMPORTS
215914,215913,IMPORTS
216051,216050,IMPORTS
216053,216052,IMPORTS
216055,216054,IMPORTS
216057,216056,IMPORTS
216059,216058,IMPORTS
216061,216060,IMPORTS
216063,216062,IMPORTS
217808,217807,IMPORTS
217810,217809,IMPORTS
217812,217811,IMPORTS
217814,217813,IMPORTS
217816,217815,IMPORTS
217818,217817,IMPORTS
217820,217819,IMPORTS
217822,217821,IMPORTS
217829,217828,IMPORTS
217831,217830,IMPORTS
217833,217832,IMPORTS
217835,217834,IMPORTS
217837,217836,IMPORTS
217839,217838,IMPORTS
218000,217999,IMPORTS
218002,218001,IMPORTS
218004,218003,IMPORTS
218011,218010,IMPORTS
218013,218012,IMPORTS
218015,218014,IMPORTS
218022,218021,IMPORTS
218024,218023,IMPORTS
218026,218025,IMPORTS
218028,218027,IMPORTS
218346,218345,IMPORTS
218348,218347,IMPORTS
218350,218349,IMPORTS
218352,218351,IMPORTS
218354,218353,IMPORTS
218356,218355,IMPORTS
218358,218357,IMPORTS
218360,218359,IMPORTS
218362,218361,IMPORTS
218364,218363,IMPORTS
218366,218365,IMPORTS
218368,218367,IMPORTS
218370,218369,IMPORTS
218372,218371,IMPORTS
218374,218373,IMPORTS
218376,218375,IMPORTS
218378,218377,IMPORTS
218380,218379,IMPORTS
218382,218381,IMPORTS
218384,218383,IMPORTS
218386,218385,IMPORTS
218388,218387,IMPORTS
218390,218389,IMPORTS
220402,220401,IMPORTS
220404,220403,IMPORTS
220406,220405,IMPORTS
220408,220407,IMPORTS
220410,220409,IMPORTS
220412,220411,IMPORTS
220414,220413,IMPORTS
220416,220415,IMPORTS
220418,220417,IMPORTS
220420,220419,IMPORTS
220422,220421,IMPORTS
221111,221110,IMPORTS
221113,221112,IMPORTS
221171,221170,IMPORTS
221173,221172,IMPORTS
221175,221174,IMPORTS
221177,221176,IMPORTS
221179,221178,IMPORTS
221181,221180,IMPORTS
222078,222077,IMPORTS
222080,222079,IMPORTS
222082,222081,IMPORTS
222084,222083,IMPORTS
222086,222085,IMPORTS
222088,222087,IMPORTS
222171,222170,IMPORTS
222173,222172,IMPORTS
222175,222174,IMPORTS
222177,222176,IMPORTS
222179,222178,IMPORTS
222181,222180,IMPORTS
222183,222182,IMPORTS
222185,222184,IMPORTS
222187,222186,IMPORTS
222189,222188,IMPORTS
222191,222190,IMPORTS
222193,222192,IMPORTS
222195,222194,IMPORTS
222197,222196,IMPORTS
222199,222198,IMPORTS
222201,222200,IMPORTS
222203,222202,IMPORTS
222205,222204,IMPORTS
222207,222206,IMPORTS
225340,225339,IMPORTS
225342,225341,IMPORTS
225344,225343,IMPORTS
225346,225345,IMPORTS
225348,225347,IMPORTS
225350,225349,IMPORTS
225352,225351,IMPORTS
225354,225353,IMPORTS
225361,225360,IMPORTS
225363,225362,IMPORTS
225365,225364,IMPORTS
225367,225366,IMPORTS
225369,225368,IMPORTS
225371,225370,IMPORTS
225373,225372,IMPORTS
225375,225374,IMPORTS
225377,225376,IMPORTS
225379,225378,IMPORTS
225381,225380,IMPORTS
225383,225382,IMPORTS
225385,225384,IMPORTS
225387,225386,IMPORTS
226319,226318,IMPORTS
226321,226320,IMPORTS
226323,226322,IMPORTS
226325,226324,IMPORTS
227330,227329,IMPORTS
227393,227392,IMPORTS
227395,227394,IMPORTS
227397,227396,IMPORTS
227399,227398,IMPORTS
227401,227400,IMPORTS
227403,227402,IMPORTS
227405,227404,IMPORTS
227407,227406,IMPORTS
227409,227408,IMPORTS
227411,227410,IMPORTS
227413,227412,IMPORTS
227415,227414,IMPORTS
227417,227416,IMPORTS
228088,228087,IMPORTS
228090,228089,IMPORTS
228092,228091,IMPORTS
228094,228093,IMPORTS
228101,228100,IMPORTS
228103,228102,IMPORTS
228105,228104,IMPORTS
228107,228106,IMPORTS
228109,228108,IMPORTS
228111,228110,IMPORTS
230108,230107,IMPORTS
230110,230109,IMPORTS
230112,230111,IMPORTS
230357,230356,IMPORTS
230359,230358,IMPORTS
230366,230365,IMPORTS
230368,230367,IMPORTS
230370,230369,IMPORTS
230372,230371,IMPORTS
230374,230373,IMPORTS
230376,230375,IMPORTS
230383,230382,IMPORTS
230519,230518,IMPORTS
230521,230520,IMPORTS
230523,230522,IMPORTS
230525,230524,IMPORTS
230527,230526,IMPORTS
230529,230528,IMPORTS
230531,230530,IMPORTS
230533,230532,IMPORTS
230535,230534,IMPORTS
230537,230536,IMPORTS
230539,230538,IMPORTS
230541,230540,IMPORTS
230543,230542,IMPORTS
230545,230544,IMPORTS
230547,230546,IMPORTS
230549,230548,IMPORTS
230551,230550,IMPORTS
230553,230552,IMPORTS
230555,230554,IMPORTS
230557,230556,IMPORTS
230559,230558,IMPORTS
230561,230560,IMPORTS
230563,230562,IMPORTS
230565,230564,IMPORTS
230567,230566,IMPORTS
230569,230568,IMPORTS
230571,230570,IMPORTS
234158,234157,IMPORTS
234160,234159,IMPORTS
234162,234161,IMPORTS
234169,234168,IMPORTS
234171,234170,IMPORTS
234173,234172,IMPORTS
234175,234174,IMPORTS
234177,234176,IMPORTS
234179,234178,IMPORTS
234181,234180,IMPORTS
234188,234187,IMPORTS
234190,234189,IMPORTS
234192,234191,IMPORTS
234194,234193,IMPORTS
234196,234195,IMPORTS
234198,234197,IMPORTS
234200,234199,IMPORTS
234202,234201,IMPORTS
234204,234203,IMPORTS
234206,234205,IMPORTS
237274,237273,IMPORTS
237276,237275,IMPORTS
237278,237277,IMPORTS
237280,237279,IMPORTS
237282,237281,IMPORTS
237284,237283,IMPORTS
237286,237285,IMPORTS
237288,237287,IMPORTS
237290,237289,IMPORTS
237292,237291,IMPORTS
237294,237293,IMPORTS
237301,237300,IMPORTS
237303,237302,IMPORTS
237305,237304,IMPORTS
237307,237306,IMPORTS
237309,237308,IMPORTS
237311,237310,IMPORTS
237313,237312,IMPORTS
237315,237314,IMPORTS
237317,237316,IMPORTS
237319,237318,IMPORTS
237639,237638,IMPORTS
237641,237640,IMPORTS
237643,237642,IMPORTS
237645,237644,IMPORTS
237652,237651,IMPORTS
237654,237653,IMPORTS
237656,237655,IMPORTS
237684,237683,IMPORTS
237686,237685,IMPORTS
237688,237687,IMPORTS
237690,237689,IMPORTS
237692,237691,IMPORTS
237694,237693,IMPORTS
237696,237695,IMPORTS
237698,237697,IMPORTS
237700,237699,IMPORTS
237702,237701,IMPORTS
238872,238871,IMPORTS
238874,238873,IMPORTS
238876,238875,IMPORTS
238878,238877,IMPORTS
238885,238884,IMPORTS
238887,238886,IMPORTS
238889,238888,IMPORTS
238891,238890,IMPORTS
238893,238892,IMPORTS
238895,238894,IMPORTS
238897,238896,IMPORTS
238899,238898,IMPORTS
238901,238900,IMPORTS
238903,238902,IMPORTS
238905,238904,IMPORTS
239449,239448,IMPORTS
239451,239450,IMPORTS
239453,239452,IMPORTS
240273,240272,IMPORTS
240280,240279,IMPORTS
240282,240281,IMPORTS
240284,240283,IMPORTS
240286,240285,IMPORTS
240288,240287,IMPORTS
240290,240289,IMPORTS
240292,240291,IMPORTS
240294,240293,IMPORTS
240296,240295,IMPORTS
240298,240297,IMPORTS
240300,240299,IMPORTS
240302,240301,IMPORTS
241797,241796,IMPORTS
241799,241798,IMPORTS
241801,241800,IMPORTS
241803,241802,IMPORTS
241805,241804,IMPORTS
241807,241806,IMPORTS
241809,241808,IMPORTS
241811,241810,IMPORTS
241813,241812,IMPORTS
241820,241819,IMPORTS
241822,241821,IMPORTS
241824,241823,IMPORTS
241826,241825,IMPORTS
241828,241827,IMPORTS
241830,241829,IMPORTS
243625,243624,IMPORTS
243627,243626,IMPORTS
243629,243628,IMPORTS
243636,243635,IMPORTS
243638,243637,IMPORTS
243640,243639,IMPORTS
243642,243641,IMPORTS
243644,243643,IMPORTS
243646,243645,IMPORTS
243648,243647,IMPORTS
243650,243649,IMPORTS
243652,243651,IMPORTS
245926,245925,IMPORTS
245928,245927,IMPORTS
245930,245929,IMPORTS
245932,245931,IMPORTS
245934,245933,IMPORTS
245936,245935,IMPORTS
245938,245937,IMPORTS
245945,245944,IMPORTS
245947,245946,IMPORTS
245949,245948,IMPORTS
245951,245950,IMPORTS
245953,245952,IMPORTS
245955,245954,IMPORTS
245957,245956,IMPORTS
245959,245958,IMPORTS
245961,245960,IMPORTS
245963,245962,IMPORTS
245965,245964,IMPORTS
245977,245976,IMPORTS
245979,245978,IMPORTS
245981,245980,IMPORTS
245983,245982,IMPORTS
245985,245984,IMPORTS
245987,245986,IMPORTS
245989,245988,IMPORTS
245991,245990,IMPORTS
245993,245992,IMPORTS
245995,245994,IMPORTS
245997,245996,IMPORTS
251133,251132,IMPORTS
251135,251134,IMPORTS
251137,251136,IMPORTS
251139,251138,IMPORTS
251146,251145,IMPORTS
251148,251147,IMPORTS
251150,251149,IMPORTS
251152,251151,IMPORTS
251807,251806,IMPORTS
251809,251808,IMPORTS
251896,251895,IMPORTS
251898,251897,IMPORTS
251900,251899,IMPORTS
251902,251901,IMPORTS
251904,251903,IMPORTS
251906,251905,IMPORTS
251908,251907,IMPORTS
251910,251909,IMPORTS
252680,252679,IMPORTS
252682,252681,IMPORTS
252684,252683,IMPORTS
252686,252685,IMPORTS
252688,252687,IMPORTS
252690,252689,IMPORTS
252692,252691,IMPORTS
252939,252938,IMPORTS
252941,252940,IMPORTS
252943,252942,IMPORTS
252945,252944,IMPORTS
252947,252946,IMPORTS
252949,252948,IMPORTS
252951,252950,IMPORTS
252953,252952,IMPORTS
252955,252954,IMPORTS
252957,252956,IMPORTS
252959,252958,IMPORTS
252961,252960,IMPORTS
252963,252962,IMPORTS
252965,252964,IMPORTS
252967,252966,IMPORTS
252969,252968,IMPORTS
256588,256587,IMPORTS
256590,256589,IMPORTS
256592,256591,IMPORTS
256594,256593,IMPORTS
256596,256595,IMPORTS
256610,256609,IMPORTS
256612,256611,IMPORTS
256614,256613,IMPORTS
256616,256615,IMPORTS
256618,256617,IMPORTS
256620,256619,IMPORTS
256622,256621,IMPORTS
256624,256623,IMPORTS
256626,256625,IMPORTS
256628,256627,IMPORTS
256630,256629,IMPORTS
256632,256631,IMPORTS
256634,256633,IMPORTS
256636,256635,IMPORTS
256638,256637,IMPORTS
256640,256639,IMPORTS
256642,256641,IMPORTS
270762,270761,IMPORTS
270764,270763,IMPORTS
270766,270765,IMPORTS
270794,270793,IMPORTS
270796,270795,IMPORTS
270803,270802,IMPORTS
270805,270804,IMPORTS
270807,270806,IMPORTS
270809,270808,IMPORTS
270811,270810,IMPORTS
270813,270812,IMPORTS
270815,270814,IMPORTS
270817,270816,IMPORTS
270819,270818,IMPORTS
270821,270820,IMPORTS
270823,270822,IMPORTS
270825,270824,IMPORTS
271306,271305,IMPORTS
271308,271307,IMPORTS
271310,271309,IMPORTS
271312,271311,IMPORTS
271319,271318,IMPORTS
271321,271320,IMPORTS
271349,271348,IMPORTS
271351,271350,IMPORTS
271358,271357,IMPORTS
271360,271359,IMPORTS
271362,271361,IMPORTS
271364,271363,IMPORTS
271366,271365,IMPORTS
271368,271367,IMPORTS
271370,271369,IMPORTS
271372,271371,IMPORTS
271374,271373,IMPORTS
271376,271375,IMPORTS
271378,271377,IMPORTS
271795,271794,IMPORTS
271797,271796,IMPORTS
271799,271798,IMPORTS
271801,271800,IMPORTS
271803,271802,IMPORTS
271805,271804,IMPORTS
271807,271806,IMPORTS
271809,271808,IMPORTS
271811,271810,IMPORTS
271813,271812,IMPORTS
271820,271819,IMPORTS
271822,271821,IMPORTS
271824,271823,IMPORTS
271826,271825,IMPORTS
271833,271832,IMPORTS
271835,271834,IMPORTS
271837,271836,IMPORTS
271865,271864,IMPORTS
271867,271866,IMPORTS
271874,271873,IMPORTS
271876,271875,IMPORTS
271878,271877,IMPORTS
271880,271879,IMPORTS
271882,271881,IMPORTS
271884,271883,IMPORTS
271886,271885,IMPORTS
271888,271887,IMPORTS
271890,271889,IMPORTS
271892,271891,IMPORTS
271894,271893,IMPORTS
271896,271895,IMPORTS
273073,273072,IMPORTS
273075,273074,IMPORTS
273082,273081,IMPORTS
273084,273083,IMPORTS
273086,273085,IMPORTS
273088,273087,IMPORTS
273090,273089,IMPORTS
273092,273091,IMPORTS
273094,273093,IMPORTS
273096,273095,IMPORTS
274379,274378,IMPORTS
274381,274380,IMPORTS
274383,274382,IMPORTS
274385,274384,IMPORTS
274387,274386,IMPORTS
274389,274388,IMPORTS
274391,274390,IMPORTS
274393,274392,IMPORTS
274395,274394,IMPORTS
274397,274396,IMPORTS
274399,274398,IMPORTS
274401,274400,IMPORTS
274408,274407,IMPORTS
274410,274409,IMPORTS
274412,274411,IMPORTS
274414,274413,IMPORTS
274416,274415,IMPORTS
274418,274417,IMPORTS
274420,274419,IMPORTS
274422,274421,IMPORTS
274424,274423,IMPORTS
274426,274425,IMPORTS
274433,274432,IMPORTS
274435,274434,IMPORTS
274437,274436,IMPORTS
274439,274438,IMPORTS
274441,274440,IMPORTS
274448,274447,IMPORTS
274450,274449,IMPORTS
274452,274451,IMPORTS
274459,274458,IMPORTS
274461,274460,IMPORTS
274463,274462,IMPORTS
274465,274464,IMPORTS
274467,274466,IMPORTS
274469,274468,IMPORTS
274471,274470,IMPORTS
274478,274477,IMPORTS
274480,274479,IMPORTS
274482,274481,IMPORTS
274484,274483,IMPORTS
274486,274485,IMPORTS
274488,274487,IMPORTS
274490,274489,IMPORTS
274497,274496,IMPORTS
274499,274498,IMPORTS
274501,274500,IMPORTS
274503,274502,IMPORTS
274505,274504,IMPORTS
274795,274794,IMPORTS
274797,274796,IMPORTS
274799,274798,IMPORTS
274801,274800,IMPORTS
274803,274802,IMPORTS
274805,274804,IMPORTS
274807,274806,IMPORTS
274809,274808,IMPORTS
274811,274810,IMPORTS
274813,274812,IMPORTS
274820,274819,IMPORTS
274822,274821,IMPORTS
274824,274823,IMPORTS
274826,274825,IMPORTS
274828,274827,IMPORTS
274835,274834,IMPORTS
274837,274836,IMPORTS
274839,274838,IMPORTS
274841,274840,IMPORTS
274843,274842,IMPORTS
274845,274844,IMPORTS
274847,274846,IMPORTS
274849,274848,IMPORTS
274851,274850,IMPORTS
274853,274852,IMPORTS
274855,274854,IMPORTS
274857,274856,IMPORTS
274859,274858,IMPORTS
274861,274860,IMPORTS
274868,274867,IMPORTS
274870,274869,IMPORTS
274872,274871,IMPORTS
274874,274873,IMPORTS
274876,274875,IMPORTS
274878,274877,IMPORTS
274880,274879,IMPORTS
274882,274881,IMPORTS
274884,274883,IMPORTS
274886,274885,IMPORTS
274888,274887,IMPORTS
274890,274889,IMPORTS
274892,274891,IMPORTS
274899,274898,IMPORTS
274901,274900,IMPORTS
274903,274902,IMPORTS
274905,274904,IMPORTS
274907,274906,IMPORTS
274909,274908,IMPORTS
274911,274910,IMPORTS
274913,274912,IMPORTS
274920,274919,IMPORTS
274922,274921,IMPORTS
274924,274923,IMPORTS
274926,274925,IMPORTS
274928,274927,IMPORTS
274935,274934,IMPORTS
274937,274936,IMPORTS
274939,274938,IMPORTS
274941,274940,IMPORTS
274943,274942,IMPORTS
274945,274944,IMPORTS
274952,274951,IMPORTS
274954,274953,IMPORTS
274956,274955,IMPORTS
274958,274957,IMPORTS
274960,274959,IMPORTS
274962,274961,IMPORTS
274969,274968,IMPORTS
274971,274970,IMPORTS
274973,274972,IMPORTS
274975,274974,IMPORTS
274977,274976,IMPORTS
274979,274978,IMPORTS
274981,274980,IMPORTS
274983,274982,IMPORTS
274985,274984,IMPORTS
274987,274986,IMPORTS
274989,274988,IMPORTS
274991,274990,IMPORTS
274998,274997,IMPORTS
275000,274999,IMPORTS
275002,275001,IMPORTS
275004,275003,IMPORTS
275006,275005,IMPORTS
275008,275007,IMPORTS
275010,275009,IMPORTS
275012,275011,IMPORTS
275019,275018,IMPORTS
275021,275020,IMPORTS
275023,275022,IMPORTS
275025,275024,IMPORTS
275027,275026,IMPORTS
275029,275028,IMPORTS
275031,275030,IMPORTS
275038,275037,IMPORTS
275040,275039,IMPORTS
275042,275041,IMPORTS
275044,275043,IMPORTS
275046,275045,IMPORTS
275053,275052,IMPORTS
275055,275054,IMPORTS
275057,275056,IMPORTS
275059,275058,IMPORTS
275061,275060,IMPORTS
275063,275062,IMPORTS
275065,275064,IMPORTS
275067,275066,IMPORTS
275069,275068,IMPORTS
275076,275075,IMPORTS
275078,275077,IMPORTS
275080,275079,IMPORTS
275082,275081,IMPORTS
275084,275083,IMPORTS
275086,275085,IMPORTS
275088,275087,IMPORTS
275090,275089,IMPORTS
275097,275096,IMPORTS
275099,275098,IMPORTS
275101,275100,IMPORTS
275108,275107,IMPORTS
275110,275109,IMPORTS
275112,275111,IMPORTS
275182,275181,IMPORTS
275184,275183,IMPORTS
275186,275185,IMPORTS
275188,275187,IMPORTS
275190,275189,IMPORTS
275192,275191,IMPORTS
275194,275193,IMPORTS
275517,275516,IMPORTS
275519,275518,IMPORTS
275521,275520,IMPORTS
275523,275522,IMPORTS
275525,275524,IMPORTS
275527,275526,IMPORTS
275529,275528,IMPORTS
278631,278630,IMPORTS
278633,278632,IMPORTS
278635,278634,IMPORTS
278642,278641,IMPORTS
278644,278643,IMPORTS
278646,278645,IMPORTS
278648,278647,IMPORTS
278650,278649,IMPORTS
278657,278656,IMPORTS
278659,278658,IMPORTS
278661,278660,IMPORTS
278663,278662,IMPORTS
278665,278664,IMPORTS
278667,278666,IMPORTS
278669,278668,IMPORTS
278671,278670,IMPORTS
278673,278672,IMPORTS
278675,278674,IMPORTS
278677,278676,IMPORTS
278679,278678,IMPORTS
278681,278680,IMPORTS
281607,281606,IMPORTS
281609,281608,IMPORTS
281611,281610,IMPORTS
281613,281612,IMPORTS
281615,281614,IMPORTS
281844,281843,IMPORTS
281846,281845,IMPORTS
281848,281847,IMPORTS
281850,281849,IMPORTS
282847,282846,IMPORTS
282906,282905,IMPORTS
282908,282907,IMPORTS
282910,282909,IMPORTS
282912,282911,IMPORTS
282914,282913,IMPORTS
282916,282915,IMPORTS
282918,282917,IMPORTS
282920,282919,IMPORTS
282922,282921,IMPORTS
282924,282923,IMPORTS
282926,282925,IMPORTS
282928,282927,IMPORTS
282930,282929,IMPORTS
282932,282931,IMPORTS
284396,284395,IMPORTS
284398,284397,IMPORTS
284400,284399,IMPORTS
284407,284406,IMPORTS
284409,284408,IMPORTS
284411,284410,IMPORTS
284413,284412,IMPORTS
284415,284414,IMPORTS
284417,284416,IMPORTS
284419,284418,IMPORTS
284421,284420,IMPORTS
284423,284422,IMPORTS
284425,284424,IMPORTS
287413,287412,IMPORTS
287415,287414,IMPORTS
287417,287416,IMPORTS
287424,287423,IMPORTS
287431,287430,IMPORTS
287433,287432,IMPORTS
287435,287434,IMPORTS
287437,287436,IMPORTS
287439,287438,IMPORTS
287441,287440,IMPORTS
287443,287442,IMPORTS
287445,287444,IMPORTS
288625,288624,IMPORTS
288632,288631,IMPORTS
288634,288633,IMPORTS
288636,288635,IMPORTS
288670,288669,IMPORTS
288672,288671,IMPORTS
288674,288673,IMPORTS
288676,288675,IMPORTS
288678,288677,IMPORTS
288680,288679,IMPORTS
288682,288681,IMPORTS
288684,288683,IMPORTS
288686,288685,IMPORTS
288688,288687,IMPORTS
288690,288689,IMPORTS
288692,288691,IMPORTS
290528,290527,IMPORTS
290530,290529,IMPORTS
290537,290536,IMPORTS
290539,290538,IMPORTS
290541,290540,IMPORTS
290548,290547,IMPORTS
290550,290549,IMPORTS
290552,290551,IMPORTS
290554,290553,IMPORTS
290561,290560,IMPORTS
290563,290562,IMPORTS
290565,290564,IMPORTS
290567,290566,IMPORTS
290569,290568,IMPORTS
290810,290809,IMPORTS
290812,290811,IMPORTS
290814,290813,IMPORTS
290816,290815,IMPORTS
290823,290822,IMPORTS
290825,290824,IMPORTS
290827,290826,IMPORTS
290829,290828,IMPORTS
290831,290830,IMPORTS
290833,290832,IMPORTS
291414,291413,IMPORTS
291416,291415,IMPORTS
291461,291460,IMPORTS
291463,291462,IMPORTS
291465,291464,IMPORTS
291467,291466,IMPORTS
291469,291468,IMPORTS
291471,291470,IMPORTS
292172,292171,IMPORTS
292174,292173,IMPORTS
292176,292175,IMPORTS
292178,292177,IMPORTS
292180,292179,IMPORTS
292182,292181,IMPORTS
292184,292183,IMPORTS
292186,292185,IMPORTS
292629,292628,IMPORTS
292631,292630,IMPORTS
292633,292632,IMPORTS
293199,293198,IMPORTS
293201,293200,IMPORTS
293203,293202,IMPORTS
293205,293204,IMPORTS
293464,293463,IMPORTS
293466,293465,IMPORTS
293468,293467,IMPORTS
293470,293469,IMPORTS
294057,294056,IMPORTS
294059,294058,IMPORTS
294061,294060,IMPORTS
294063,294062,IMPORTS
294065,294064,IMPORTS
294184,294183,IMPORTS
294186,294185,IMPORTS
294271,294270,IMPORTS
294273,294272,IMPORTS
294275,294274,IMPORTS
294277,294276,IMPORTS
295348,295347,IMPORTS
295350,295349,IMPORTS
295352,295351,IMPORTS
295354,295353,IMPORTS
295356,295355,IMPORTS
295358,295357,IMPORTS
295360,295359,IMPORTS
295785,295784,IMPORTS
295787,295786,IMPORTS
295789,295788,IMPORTS
295791,295790,IMPORTS
295793,295792,IMPORTS
295795,295794,IMPORTS
295950,295949,IMPORTS
295952,295951,IMPORTS
295954,295953,IMPORTS
295956,295955,IMPORTS
295958,295957,IMPORTS
295960,295959,IMPORTS
295962,295961,IMPORTS
295964,295963,IMPORTS
296432,296431,IMPORTS
296434,296433,IMPORTS
296477,296476,IMPORTS
296479,296478,IMPORTS
296481,296480,IMPORTS
296483,296482,IMPORTS
296485,296484,IMPORTS
296487,296486,IMPORTS
296489,296488,IMPORTS
296491,296490,IMPORTS
299362,299361,IMPORTS
299364,299363,IMPORTS
299366,299365,IMPORTS
299368,299367,IMPORTS
299370,299369,IMPORTS
299382,299381,IMPORTS
299384,299383,IMPORTS
299386,299385,IMPORTS
299388,299387,IMPORTS
299390,299389,IMPORTS
299425,299424,IMPORTS
299427,299426,IMPORTS
299429,299428,IMPORTS
299431,299430,IMPORTS
299433,299432,IMPORTS
299435,299434,IMPORTS
299437,299436,IMPORTS
299439,299438,IMPORTS
299441,299440,IMPORTS
299443,299442,IMPORTS
299445,299444,IMPORTS
299447,299446,IMPORTS
299449,299448,IMPORTS
299451,299450,IMPORTS
299453,299452,IMPORTS
299455,299454,IMPORTS
299457,299456,IMPORTS
299459,299458,IMPORTS
299461,299460,IMPORTS
301400,301399,IMPORTS
301402,301401,IMPORTS
301404,301403,IMPORTS
301406,301405,IMPORTS
301408,301407,IMPORTS
301410,301409,IMPORTS
301412,301411,IMPORTS
301414,301413,IMPORTS
301416,301415,IMPORTS
301418,301417,IMPORTS
301420,301419,IMPORTS
301422,301421,IMPORTS
301424,301423,IMPORTS
301426,301425,IMPORTS
301428,301427,IMPORTS
301430,301429,IMPORTS
301432,301431,IMPORTS
301434,301433,IMPORTS
301441,301440,IMPORTS
301443,301442,IMPORTS
301445,301444,IMPORTS
301447,301446,IMPORTS
301449,301448,IMPORTS
