4,3,IMPORTS
6,5,IMPORTS
8,7,IMPORTS
3119,3118,IMPORTS
3121,3120,IMPORTS
3516,3515,IMPORTS
3518,3517,IMPORTS
3605,3604,IMPORTS
3607,3606,IMPORTS
4360,4359,IMPORTS
4362,4361,IMPORTS
4511,4510,IMPORTS
4513,4512,IMPORTS
8307,8306,IMPORTS
8309,8308,IMPORTS
8527,8526,IMPORTS
8529,8528,IMPORTS
8531,8530,IMPORTS
8533,8532,IMPORTS
8535,8534,IMPORTS
8537,8536,IMPORTS
8539,8538,IMPORTS
8549,8548,IMPORTS
8551,8550,IMPORTS
8553,8552,IMPORTS
10853,10852,IMPORTS
10855,10854,IMPORTS
11072,11071,IMPORTS
11074,11073,IMPORTS
11076,11075,IMPORTS
11078,11077,IMPORTS
11080,11079,IMPORTS
11082,11081,IMPORTS
11084,11083,IMPORTS
11086,11085,IMPORTS
11088,11087,IMPORTS
11090,11089,IMPORTS
11092,11091,IMPORTS
11094,11093,IMPORTS
11096,11095,IMPORTS
11098,11097,IMPORTS
11100,11099,IMPORTS
11102,11101,IMPORTS
11104,11103,IMPORTS
11106,11105,IMPORTS
11108,11107,IMPORTS
11110,11109,IMPORTS
11112,11111,IMPORTS
11114,11113,IMPORTS
11116,11115,IMPORTS
11118,11117,IMPORTS
11120,11119,IMPORTS
11122,11121,IMPORTS
11124,11123,IMPORTS
11126,11125,IMPORTS
11128,11127,IMPORTS
11130,11129,IMPORTS
11132,11131,IMPORTS
11134,11133,IMPORTS
11136,11135,IMPORTS
11138,11137,IMPORTS
11140,11139,IMPORTS
11142,11141,IMPORTS
11144,11143,IMPORTS
11146,11145,IMPORTS
11148,11147,IMPORTS
11150,11149,IMPORTS
11152,11151,IMPORTS
11154,11153,IMPORTS
11156,11155,IMPORTS
11158,11157,IMPORTS
11160,11159,IMPORTS
11216,11215,IMPORTS
11218,11217,IMPORTS
11230,11229,IMPORTS
11232,11231,IMPORTS
11273,11272,IMPORTS
11275,11274,IMPORTS
11626,11625,IMPORTS
11628,11627,IMPORTS
11735,11734,IMPORTS
11737,11736,IMPORTS
11739,11738,IMPORTS
11741,11740,IMPORTS
11743,11742,IMPORTS
11750,11749,IMPORTS
11752,11751,IMPORTS
11767,11766,IMPORTS
11769,11768,IMPORTS
11771,11770,IMPORTS
15797,15796,IMPORTS
15799,15798,IMPORTS
15944,15943,IMPORTS
15946,15945,IMPORTS
18697,18696,IMPORTS
18699,18698,IMPORTS
18928,18927,IMPORTS
18930,18929,IMPORTS
21734,21733,IMPORTS
21736,21735,IMPORTS
21881,21880,IMPORTS
21883,21882,IMPORTS
23852,23851,IMPORTS
23854,23853,IMPORTS
23996,23995,IMPORTS
23998,23997,IMPORTS
24142,24141,IMPORTS
24144,24143,IMPORTS
24247,24246,IMPORTS
24249,24248,IMPORTS
25617,25616,IMPORTS
25619,25618,IMPORTS
25703,25702,IMPORTS
25705,25704,IMPORTS
25707,25706,IMPORTS
29366,29365,IMPORTS
29368,29367,IMPORTS
29407,29406,IMPORTS
29409,29408,IMPORTS
30246,30245,IMPORTS
30248,30247,IMPORTS
30250,30249,IMPORTS
30359,30358,IMPORTS
30361,30360,IMPORTS
30481,30480,IMPORTS
30483,30482,IMPORTS
30496,30495,IMPORTS
30498,30497,IMPORTS
30500,30499,IMPORTS
32831,32830,IMPORTS
32833,32832,IMPORTS
32927,32926,IMPORTS
32929,32928,IMPORTS
32931,32930,IMPORTS
34755,34754,IMPORTS
34757,34756,IMPORTS
35658,35657,IMPORTS
35660,35659,IMPORTS
35771,35770,IMPORTS
35773,35772,IMPORTS
36438,36437,IMPORTS
36440,36439,IMPORTS
36463,36462,IMPORTS
36465,36464,IMPORTS
37381,37380,IMPORTS
37383,37382,IMPORTS
37396,37395,IMPORTS
37398,37397,IMPORTS
38447,38446,IMPORTS
38449,38448,IMPORTS
38475,38474,IMPORTS
38477,38476,IMPORTS
38603,38602,IMPORTS
38605,38604,IMPORTS
38628,38627,IMPORTS
38630,38629,IMPORTS
39233,39232,IMPORTS
39235,39234,IMPORTS
39283,39282,IMPORTS
39285,39284,IMPORTS
40198,40197,IMPORTS
40200,40199,IMPORTS
40264,40263,IMPORTS
40266,40265,IMPORTS
41134,41133,IMPORTS
41136,41135,IMPORTS
41138,41137,IMPORTS
41140,41139,IMPORTS
41191,41190,IMPORTS
41193,41192,IMPORTS
41195,41194,IMPORTS
52540,52539,IMPORTS
52542,52541,IMPORTS
52721,52720,IMPORTS
52723,52722,IMPORTS
52730,52729,IMPORTS
52732,52731,IMPORTS
52759,52758,IMPORTS
52761,52760,IMPORTS
52763,52762,IMPORTS
58429,58428,IMPORTS
58431,58430,IMPORTS
58472,58471,IMPORTS
58474,58473,IMPORTS
58633,58632,IMPORTS
58635,58634,IMPORTS
58688,58687,IMPORTS
58690,58689,IMPORTS
61362,61361,IMPORTS
61364,61363,IMPORTS
61447,61446,IMPORTS
61449,61448,IMPORTS
61463,61462,IMPORTS
61465,61464,IMPORTS
66578,66577,IMPORTS
66580,66579,IMPORTS
66868,66867,IMPORTS
66870,66869,IMPORTS
66872,66871,IMPORTS
67937,67936,IMPORTS
67939,67938,IMPORTS
67941,67940,IMPORTS
69527,69526,IMPORTS
69529,69528,IMPORTS
69531,69530,IMPORTS
69575,69574,IMPORTS
69577,69576,IMPORTS
70665,70664,IMPORTS
70667,70666,IMPORTS
70724,70723,IMPORTS
70726,70725,IMPORTS
70728,70727,IMPORTS
71921,71920,IMPORTS
71923,71922,IMPORTS
71925,71924,IMPORTS
73044,73043,IMPORTS
73046,73045,IMPORTS
73048,73047,IMPORTS
74264,74263,IMPORTS
74266,74265,IMPORTS
74268,74267,IMPORTS
74270,74269,IMPORTS
74957,74956,IMPORTS
74959,74958,IMPORTS
74961,74960,IMPORTS
76152,76151,IMPORTS
76154,76153,IMPORTS
76156,76155,IMPORTS
77084,77083,IMPORTS
77086,77085,IMPORTS
77088,77087,IMPORTS
78032,78031,IMPORTS
78034,78033,IMPORTS
78036,78035,IMPORTS
78989,78988,IMPORTS
78991,78990,IMPORTS
78993,78992,IMPORTS
79897,79896,IMPORTS
79899,79898,IMPORTS
79901,79900,IMPORTS
82354,82353,IMPORTS
82356,82355,IMPORTS
82358,82357,IMPORTS
82360,82359,IMPORTS
82362,82361,IMPORTS
82573,82572,IMPORTS
82575,82574,IMPORTS
82577,82576,IMPORTS
83443,83442,IMPORTS
83445,83444,IMPORTS
83447,83446,IMPORTS
84089,84088,IMPORTS
84091,84090,IMPORTS
84093,84092,IMPORTS
84095,84094,IMPORTS
84654,84653,IMPORTS
84656,84655,IMPORTS
84658,84657,IMPORTS
84734,84733,IMPORTS
84736,84735,IMPORTS
84738,84737,IMPORTS
85199,85198,IMPORTS
85201,85200,IMPORTS
85203,85202,IMPORTS
94308,94307,IMPORTS
94310,94309,IMPORTS
94312,94311,IMPORTS
94314,94313,IMPORTS
94316,94315,IMPORTS
94318,94317,IMPORTS
94320,94319,IMPORTS
94322,94321,IMPORTS
94324,94323,IMPORTS
94326,94325,IMPORTS
94328,94327,IMPORTS
94330,94329,IMPORTS
94332,94331,IMPORTS
94334,94333,IMPORTS
94336,94335,IMPORTS
94848,94847,IMPORTS
94850,94849,IMPORTS
94852,94851,IMPORTS
94854,94853,IMPORTS
94945,94944,IMPORTS
94947,94946,IMPORTS
94949,94948,IMPORTS
94951,94950,IMPORTS
97787,97786,IMPORTS
97789,97788,IMPORTS
97791,97790,IMPORTS
97884,97883,IMPORTS
97886,97885,IMPORTS
97888,97887,IMPORTS
97993,97992,IMPORTS
97995,97994,IMPORTS
97997,97996,IMPORTS
98018,98017,IMPORTS
98020,98019,IMPORTS
98022,98021,IMPORTS
98239,98238,IMPORTS
98241,98240,IMPORTS
98243,98242,IMPORTS
98273,98272,IMPORTS
98275,98274,IMPORTS
98277,98276,IMPORTS
99539,99538,IMPORTS
99541,99540,IMPORTS
99543,99542,IMPORTS
100101,100100,IMPORTS
100103,100102,IMPORTS
100105,100104,IMPORTS
100611,100610,IMPORTS
100613,100612,IMPORTS
100615,100614,IMPORTS
100617,100616,IMPORTS
101680,101679,IMPORTS
101682,101681,IMPORTS
101684,101683,IMPORTS
102650,102649,IMPORTS
102652,102651,IMPORTS
102654,102653,IMPORTS
105907,105906,IMPORTS
105909,105908,IMPORTS
105911,105910,IMPORTS
107577,107576,IMPORTS
107579,107578,IMPORTS
107581,107580,IMPORTS
112244,112243,IMPORTS
112246,112245,IMPORTS
112248,112247,IMPORTS
113203,113202,IMPORTS
113205,113204,IMPORTS
113207,113206,IMPORTS
116374,116373,IMPORTS
116376,116375,IMPORTS
116378,116377,IMPORTS
116805,116804,IMPORTS
116807,116806,IMPORTS
116809,116808,IMPORTS
116992,116991,IMPORTS
116994,116993,IMPORTS
116996,116995,IMPORTS
127019,127018,IMPORTS
127021,127020,IMPORTS
127023,127022,IMPORTS
127678,127677,IMPORTS
127680,127679,IMPORTS
127682,127681,IMPORTS
131986,131985,IMPORTS
131988,131987,IMPORTS
131990,131989,IMPORTS
131992,131991,IMPORTS
131994,131993,IMPORTS
133737,133736,IMPORTS
133739,133738,IMPORTS
133741,133740,IMPORTS
146389,146388,IMPORTS
146391,146390,IMPORTS
146393,146392,IMPORTS
146395,146394,IMPORTS
148089,148088,IMPORTS
148091,148090,IMPORTS
148093,148092,IMPORTS
148095,148094,IMPORTS
150965,150964,IMPORTS
150967,150966,IMPORTS
150969,150968,IMPORTS
151746,151745,IMPORTS
151748,151747,IMPORTS
151750,151749,IMPORTS
153952,153951,IMPORTS
153954,153953,IMPORTS
153956,153955,IMPORTS
153958,153957,IMPORTS
158382,158381,IMPORTS
158384,158383,IMPORTS
158386,158385,IMPORTS
159833,159832,IMPORTS
159835,159834,IMPORTS
159837,159836,IMPORTS
161772,161771,IMPORTS
161774,161773,IMPORTS
161776,161775,IMPORTS
164688,164687,IMPORTS
164690,164689,IMPORTS
164692,164691,IMPORTS
164694,164693,IMPORTS
169252,169251,IMPORTS
169254,169253,IMPORTS
169256,169255,IMPORTS
170740,170739,IMPORTS
170742,170741,IMPORTS
170744,170743,IMPORTS
172874,172873,IMPORTS
172876,172875,IMPORTS
172878,172877,IMPORTS
173408,173407,IMPORTS
173410,173409,IMPORTS
173412,173411,IMPORTS
192263,192262,IMPORTS
192265,192264,IMPORTS
192267,192266,IMPORTS
192926,192925,IMPORTS
192928,192927,IMPORTS
192930,192929,IMPORTS
205470,205469,IMPORTS
205472,205471,IMPORTS
205474,205473,IMPORTS
206216,206215,IMPORTS
206218,206217,IMPORTS
206220,206219,IMPORTS
208729,208728,IMPORTS
208731,208730,IMPORTS
208733,208732,IMPORTS
210194,210193,IMPORTS
210196,210195,IMPORTS
210198,210197,IMPORTS
211528,211527,IMPORTS
211530,211529,IMPORTS
211532,211531,IMPORTS
214510,214509,IMPORTS
214512,214511,IMPORTS
214514,214513,IMPORTS
219678,219677,IMPORTS
219680,219679,IMPORTS
219682,219681,IMPORTS
219684,219683,IMPORTS
220514,220513,IMPORTS
220516,220515,IMPORTS
220518,220517,IMPORTS
222071,222070,IMPORTS
222073,222072,IMPORTS
222075,222074,IMPORTS
222708,222707,IMPORTS
222710,222709,IMPORTS
222712,222711,IMPORTS
230758,230757,IMPORTS
230760,230759,IMPORTS
230762,230761,IMPORTS
230838,230837,IMPORTS
230840,230839,IMPORTS
230842,230841,IMPORTS
234127,234126,IMPORTS
234129,234128,IMPORTS
234131,234130,IMPORTS
234176,234175,IMPORTS
234178,234177,IMPORTS
234180,234179,IMPORTS
234996,234995,IMPORTS
234998,234997,IMPORTS
235000,234999,IMPORTS
235529,235528,IMPORTS
235531,235530,IMPORTS
235533,235532,IMPORTS
238591,238590,IMPORTS
238593,238592,IMPORTS
238595,238594,IMPORTS
239773,239772,IMPORTS
239775,239774,IMPORTS
239777,239776,IMPORTS
241696,241695,IMPORTS
241698,241697,IMPORTS
241700,241699,IMPORTS
242348,242347,IMPORTS
242350,242349,IMPORTS
242352,242351,IMPORTS
243533,243532,IMPORTS
243535,243534,IMPORTS
243537,243536,IMPORTS
244280,244279,IMPORTS
244282,244281,IMPORTS
244284,244283,IMPORTS
245410,245409,IMPORTS
245412,245411,IMPORTS
245414,245413,IMPORTS
246250,246249,IMPORTS
246252,246251,IMPORTS
246254,246253,IMPORTS
248780,248779,IMPORTS
248782,248781,IMPORTS
248784,248783,IMPORTS
254330,254329,IMPORTS
254332,254331,IMPORTS
254334,254333,IMPORTS
254336,254335,IMPORTS
254338,254337,IMPORTS
254340,254339,IMPORTS
254342,254341,IMPORTS
254344,254343,IMPORTS
254346,254345,IMPORTS
254348,254347,IMPORTS
254350,254349,IMPORTS
257112,257111,IMPORTS
257114,257113,IMPORTS
257116,257115,IMPORTS
257118,257117,IMPORTS
258687,258686,IMPORTS
258689,258688,IMPORTS
258691,258690,IMPORTS
258693,258692,IMPORTS
258695,258694,IMPORTS
258697,258696,IMPORTS
258735,258734,IMPORTS
258737,258736,IMPORTS
258739,258738,IMPORTS
263776,263775,IMPORTS
263778,263777,IMPORTS
263780,263779,IMPORTS
263782,263781,IMPORTS
263784,263783,IMPORTS
263786,263785,IMPORTS
263788,263787,IMPORTS
263790,263789,IMPORTS
263792,263791,IMPORTS
263794,263793,IMPORTS
263796,263795,IMPORTS
263798,263797,IMPORTS
263800,263799,IMPORTS
264103,264102,IMPORTS
264105,264104,IMPORTS
264107,264106,IMPORTS
264342,264341,IMPORTS
264344,264343,IMPORTS
264346,264345,IMPORTS
264405,264404,IMPORTS
264407,264406,IMPORTS
264409,264408,IMPORTS
264751,264750,IMPORTS
264753,264752,IMPORTS
264755,264754,IMPORTS
276545,276544,IMPORTS
276547,276546,IMPORTS
276549,276548,IMPORTS
276551,276550,IMPORTS
277011,277010,IMPORTS
277013,277012,IMPORTS
277015,277014,IMPORTS
277017,277016,IMPORTS
285170,285169,IMPORTS
285172,285171,IMPORTS
285174,285173,IMPORTS
285176,285175,IMPORTS
287068,287067,IMPORTS
287070,287069,IMPORTS
287072,287071,IMPORTS
307985,307984,IMPORTS
307987,307986,IMPORTS
307989,307988,IMPORTS
309731,309730,IMPORTS
309733,309732,IMPORTS
309735,309734,IMPORTS
315441,315440,IMPORTS
315443,315442,IMPORTS
315445,315444,IMPORTS
316034,316033,IMPORTS
316036,316035,IMPORTS
316038,316037,IMPORTS
324438,324437,IMPORTS
324440,324439,IMPORTS
324442,324441,IMPORTS
328122,328121,IMPORTS
328124,328123,IMPORTS
328126,328125,IMPORTS
332400,332399,IMPORTS
332402,332401,IMPORTS
332404,332403,IMPORTS
332739,332738,IMPORTS
332741,332740,IMPORTS
332743,332742,IMPORTS
332745,332744,IMPORTS
334309,334308,IMPORTS
334311,334310,IMPORTS
334313,334312,IMPORTS
347934,347933,IMPORTS
347936,347935,IMPORTS
347938,347937,IMPORTS
347940,347939,IMPORTS
347942,347941,IMPORTS
347944,347943,IMPORTS
348299,348298,IMPORTS
348301,348300,IMPORTS
348303,348302,IMPORTS
350677,350676,IMPORTS
350679,350678,IMPORTS
350681,350680,IMPORTS
350766,350765,IMPORTS
350768,350767,IMPORTS
350770,350769,IMPORTS
350772,350771,IMPORTS
357914,357913,IMPORTS
357916,357915,IMPORTS
357918,357917,IMPORTS
358013,358012,IMPORTS
358015,358014,IMPORTS
358017,358016,IMPORTS
359091,359090,IMPORTS
359093,359092,IMPORTS
359095,359094,IMPORTS
359097,359096,IMPORTS
373189,373188,IMPORTS
373191,373190,IMPORTS
373193,373192,IMPORTS
373413,373412,IMPORTS
373415,373414,IMPORTS
373417,373416,IMPORTS
373549,373548,IMPORTS
373551,373550,IMPORTS
373553,373552,IMPORTS
373555,373554,IMPORTS
373557,373556,IMPORTS
379863,379862,IMPORTS
379865,379864,IMPORTS
379867,379866,IMPORTS
379869,379868,IMPORTS
380979,380978,IMPORTS
380981,380980,IMPORTS
380983,380982,IMPORTS
381008,381007,IMPORTS
381010,381009,IMPORTS
381012,381011,IMPORTS
382573,382572,IMPORTS
382575,382574,IMPORTS
382577,382576,IMPORTS
382579,382578,IMPORTS
383737,383736,IMPORTS
383739,383738,IMPORTS
383741,383740,IMPORTS
383743,383742,IMPORTS
383745,383744,IMPORTS
384112,384111,IMPORTS
384114,384113,IMPORTS
384116,384115,IMPORTS
384118,384117,IMPORTS
384120,384119,IMPORTS
388543,388542,IMPORTS
388545,388544,IMPORTS
388547,388546,IMPORTS
388549,388548,IMPORTS
390206,390205,IMPORTS
390208,390207,IMPORTS
390210,390209,IMPORTS
390212,390211,IMPORTS
392202,392201,IMPORTS
392204,392203,IMPORTS
392206,392205,IMPORTS
392208,392207,IMPORTS
392210,392209,IMPORTS
393349,393348,IMPORTS
393351,393350,IMPORTS
393353,393352,IMPORTS
393355,393354,IMPORTS
393357,393356,IMPORTS
393992,393991,IMPORTS
393994,393993,IMPORTS
393996,393995,IMPORTS
394033,394032,IMPORTS
394035,394034,IMPORTS
394037,394036,IMPORTS
394039,394038,IMPORTS
394041,394040,IMPORTS
394043,394042,IMPORTS
394045,394044,IMPORTS
396821,396820,IMPORTS
396823,396822,IMPORTS
396825,396824,IMPORTS
396827,396826,IMPORTS
396829,396828,IMPORTS
398070,398069,IMPORTS
398072,398071,IMPORTS
398074,398073,IMPORTS
398076,398075,IMPORTS
398078,398077,IMPORTS
398917,398916,IMPORTS
398919,398918,IMPORTS
398921,398920,IMPORTS
398958,398957,IMPORTS
398960,398959,IMPORTS
398962,398961,IMPORTS
398964,398963,IMPORTS
398966,398965,IMPORTS
403086,403085,IMPORTS
403088,403087,IMPORTS
403090,403089,IMPORTS
403633,403632,IMPORTS
403635,403634,IMPORTS
403637,403636,IMPORTS
403639,403638,IMPORTS
403641,403640,IMPORTS
405879,405878,IMPORTS
405881,405880,IMPORTS
405883,405882,IMPORTS
405885,405884,IMPORTS
405887,405886,IMPORTS
406796,406795,IMPORTS
406798,406797,IMPORTS
406800,406799,IMPORTS
406802,406801,IMPORTS
406842,406841,IMPORTS
406844,406843,IMPORTS
406846,406845,IMPORTS
408564,408563,IMPORTS
408566,408565,IMPORTS
408568,408567,IMPORTS
408603,408602,IMPORTS
408605,408604,IMPORTS
408607,408606,IMPORTS
408609,408608,IMPORTS
408611,408610,IMPORTS
408613,408612,IMPORTS
408615,408614,IMPORTS
408617,408616,IMPORTS
408619,408618,IMPORTS
408621,408620,IMPORTS
408623,408622,IMPORTS
408641,408640,IMPORTS
408643,408642,IMPORTS
408826,408825,IMPORTS
408828,408827,IMPORTS
408889,408888,IMPORTS
408891,408890,IMPORTS
408913,408912,IMPORTS
408915,408914,IMPORTS
408917,408916,IMPORTS
408919,408918,IMPORTS
408921,408920,IMPORTS
408923,408922,IMPORTS
408925,408924,IMPORTS
408927,408926,IMPORTS
408929,408928,IMPORTS
408988,408987,IMPORTS
408990,408989,IMPORTS
408992,408991,IMPORTS
409412,409411,IMPORTS
409414,409413,IMPORTS
409416,409415,IMPORTS
409459,409458,IMPORTS
409461,409460,IMPORTS
409604,409603,IMPORTS
409606,409605,IMPORTS
409608,409607,IMPORTS
409610,409609,IMPORTS
409612,409611,IMPORTS
409614,409613,IMPORTS
409616,409615,IMPORTS
409618,409617,IMPORTS
409620,409619,IMPORTS
409622,409621,IMPORTS
409624,409623,IMPORTS
409626,409625,IMPORTS
409628,409627,IMPORTS
409630,409629,IMPORTS
409632,409631,IMPORTS
409634,409633,IMPORTS
409636,409635,IMPORTS
409638,409637,IMPORTS
409640,409639,IMPORTS
409642,409641,IMPORTS
409644,409643,IMPORTS
409646,409645,IMPORTS
409648,409647,IMPORTS
409650,409649,IMPORTS
409652,409651,IMPORTS
409654,409653,IMPORTS
409656,409655,IMPORTS
409658,409657,IMPORTS
409660,409659,IMPORTS
409662,409661,IMPORTS
409664,409663,IMPORTS
409666,409665,IMPORTS
409668,409667,IMPORTS
409670,409669,IMPORTS
409672,409671,IMPORTS
409674,409673,IMPORTS
409676,409675,IMPORTS
409678,409677,IMPORTS
409680,409679,IMPORTS
409688,409687,IMPORTS
409690,409689,IMPORTS
410034,410033,IMPORTS
410036,410035,IMPORTS
410038,410037,IMPORTS
410455,410454,IMPORTS
410457,410456,IMPORTS
410464,410463,IMPORTS
410466,410465,IMPORTS
410473,410472,IMPORTS
410475,410474,IMPORTS
410683,410682,IMPORTS
410685,410684,IMPORTS
410705,410704,IMPORTS
410707,410706,IMPORTS
410709,410708,IMPORTS
411238,411237,IMPORTS
411240,411239,IMPORTS
411242,411241,IMPORTS
412399,412398,IMPORTS
412401,412400,IMPORTS
412594,412593,IMPORTS
412596,412595,IMPORTS
412598,412597,IMPORTS
412600,412599,IMPORTS
412602,412601,IMPORTS
412604,412603,IMPORTS
412606,412605,IMPORTS
412608,412607,IMPORTS
412610,412609,IMPORTS
412612,412611,IMPORTS
412614,412613,IMPORTS
412616,412615,IMPORTS
412618,412617,IMPORTS
412620,412619,IMPORTS
412622,412621,IMPORTS
412624,412623,IMPORTS
412626,412625,IMPORTS
412628,412627,IMPORTS
412630,412629,IMPORTS
412632,412631,IMPORTS
412634,412633,IMPORTS
412636,412635,IMPORTS
412638,412637,IMPORTS
412640,412639,IMPORTS
412642,412641,IMPORTS
412644,412643,IMPORTS
412646,412645,IMPORTS
412648,412647,IMPORTS
412650,412649,IMPORTS
412652,412651,IMPORTS
412654,412653,IMPORTS
412656,412655,IMPORTS
412658,412657,IMPORTS
412660,412659,IMPORTS
412662,412661,IMPORTS
412664,412663,IMPORTS
412666,412665,IMPORTS
412668,412667,IMPORTS
412670,412669,IMPORTS
412672,412671,IMPORTS
412674,412673,IMPORTS
412683,412682,IMPORTS
412685,412684,IMPORTS
413092,413091,IMPORTS
413094,413093,IMPORTS
413096,413095,IMPORTS
413733,413732,IMPORTS
413735,413734,IMPORTS
413737,413736,IMPORTS
414141,414140,IMPORTS
414143,414142,IMPORTS
414145,414144,IMPORTS
414147,414146,IMPORTS
414149,414148,IMPORTS
414151,414150,IMPORTS
414153,414152,IMPORTS
414155,414154,IMPORTS
414157,414156,IMPORTS
414159,414158,IMPORTS
414161,414160,IMPORTS
414163,414162,IMPORTS
414165,414164,IMPORTS
414167,414166,IMPORTS
414169,414168,IMPORTS
414171,414170,IMPORTS
414173,414172,IMPORTS
414175,414174,IMPORTS
414177,414176,IMPORTS
414179,414178,IMPORTS
414181,414180,IMPORTS
414183,414182,IMPORTS
414185,414184,IMPORTS
414187,414186,IMPORTS
414189,414188,IMPORTS
414191,414190,IMPORTS
414193,414192,IMPORTS
414195,414194,IMPORTS
414197,414196,IMPORTS
414199,414198,IMPORTS
414201,414200,IMPORTS
414203,414202,IMPORTS
414205,414204,IMPORTS
414207,414206,IMPORTS
414209,414208,IMPORTS
414211,414210,IMPORTS
414213,414212,IMPORTS
414215,414214,IMPORTS
414217,414216,IMPORTS
414219,414218,IMPORTS
414221,414220,IMPORTS
414223,414222,IMPORTS
414225,414224,IMPORTS
414227,414226,IMPORTS
414229,414228,IMPORTS
414231,414230,IMPORTS
414247,414246,IMPORTS
414249,414248,IMPORTS
414334,414333,IMPORTS
414336,414335,IMPORTS
414338,414337,IMPORTS
414340,414339,IMPORTS
414847,414846,IMPORTS
414849,414848,IMPORTS
414851,414850,IMPORTS
414853,414852,IMPORTS
414855,414854,IMPORTS
414857,414856,IMPORTS
415009,415008,IMPORTS
415011,415010,IMPORTS
415013,415012,IMPORTS
415015,415014,IMPORTS
415017,415016,IMPORTS
415019,415018,IMPORTS
415021,415020,IMPORTS
415023,415022,IMPORTS
415025,415024,IMPORTS
415027,415026,IMPORTS
415029,415028,IMPORTS
415031,415030,IMPORTS
415033,415032,IMPORTS
415035,415034,IMPORTS
415037,415036,IMPORTS
415039,415038,IMPORTS
415041,415040,IMPORTS
415043,415042,IMPORTS
415045,415044,IMPORTS
415047,415046,IMPORTS
415049,415048,IMPORTS
415051,415050,IMPORTS
415053,415052,IMPORTS
415055,415054,IMPORTS
415057,415056,IMPORTS
415059,415058,IMPORTS
415061,415060,IMPORTS
415063,415062,IMPORTS
415065,415064,IMPORTS
415067,415066,IMPORTS
415069,415068,IMPORTS
415071,415070,IMPORTS
415073,415072,IMPORTS
415075,415074,IMPORTS
415077,415076,IMPORTS
415079,415078,IMPORTS
415081,415080,IMPORTS
415083,415082,IMPORTS
415085,415084,IMPORTS
415087,415086,IMPORTS
415089,415088,IMPORTS
415091,415090,IMPORTS
415093,415092,IMPORTS
415095,415094,IMPORTS
415097,415096,IMPORTS
415099,415098,IMPORTS
415107,415106,IMPORTS
415109,415108,IMPORTS
415111,415110,IMPORTS
415243,415242,IMPORTS
415245,415244,IMPORTS
415247,415246,IMPORTS
415249,415248,IMPORTS
416652,416651,IMPORTS
416654,416653,IMPORTS
416731,416730,IMPORTS
416733,416732,IMPORTS
416735,416734,IMPORTS
416737,416736,IMPORTS
419775,419774,IMPORTS
419777,419776,IMPORTS
419816,419815,IMPORTS
419818,419817,IMPORTS
419820,419819,IMPORTS
420112,420111,IMPORTS
420114,420113,IMPORTS
420116,420115,IMPORTS
420253,420252,IMPORTS
420255,420254,IMPORTS
420257,420256,IMPORTS
420392,420391,IMPORTS
420394,420393,IMPORTS
420401,420400,IMPORTS
420409,420408,IMPORTS
420411,420410,IMPORTS
420423,420422,IMPORTS
420425,420424,IMPORTS
420427,420426,IMPORTS
420429,420428,IMPORTS
420436,420435,IMPORTS
420438,420437,IMPORTS
420462,420461,IMPORTS
420464,420463,IMPORTS
420485,420484,IMPORTS
420515,420514,IMPORTS
420517,420516,IMPORTS
420519,420518,IMPORTS
420521,420520,IMPORTS
420523,420522,IMPORTS
420525,420524,IMPORTS
420527,420526,IMPORTS
420529,420528,IMPORTS
420531,420530,IMPORTS
420533,420532,IMPORTS
420535,420534,IMPORTS
420537,420536,IMPORTS
420539,420538,IMPORTS
420541,420540,IMPORTS
420543,420542,IMPORTS
420545,420544,IMPORTS
420547,420546,IMPORTS
420549,420548,IMPORTS
420551,420550,IMPORTS
420553,420552,IMPORTS
420555,420554,IMPORTS
420557,420556,IMPORTS
420559,420558,IMPORTS
420561,420560,IMPORTS
420563,420562,IMPORTS
420565,420564,IMPORTS
420567,420566,IMPORTS
420569,420568,IMPORTS
420571,420570,IMPORTS
420573,420572,IMPORTS
420575,420574,IMPORTS
420577,420576,IMPORTS
420579,420578,IMPORTS
420581,420580,IMPORTS
420583,420582,IMPORTS
420585,420584,IMPORTS
420587,420586,IMPORTS
420589,420588,IMPORTS
420591,420590,IMPORTS
420593,420592,IMPORTS
420595,420594,IMPORTS
420597,420596,IMPORTS
420599,420598,IMPORTS
420607,420606,IMPORTS
420609,420608,IMPORTS
420716,420715,IMPORTS
420718,420717,IMPORTS
420720,420719,IMPORTS
421350,421349,IMPORTS
421352,421351,IMPORTS
421354,421353,IMPORTS
421361,421360,IMPORTS
421363,421362,IMPORTS
421473,421472,IMPORTS
421475,421474,IMPORTS
421477,421476,IMPORTS
421479,421478,IMPORTS
421497,421496,IMPORTS
421499,421498,IMPORTS
421659,421658,IMPORTS
421661,421660,IMPORTS
421733,421732,IMPORTS
421735,421734,IMPORTS
421769,421768,IMPORTS
421771,421770,IMPORTS
421773,421772,IMPORTS
421876,421875,IMPORTS
421878,421877,IMPORTS
421880,421879,IMPORTS
422008,422007,IMPORTS
422010,422009,IMPORTS
422012,422011,IMPORTS
422603,422602,IMPORTS
422605,422604,IMPORTS
422612,422611,IMPORTS
422614,422613,IMPORTS
422631,422630,IMPORTS
422633,422632,IMPORTS
422635,422634,IMPORTS
423142,423141,IMPORTS
423144,423143,IMPORTS
423205,423204,IMPORTS
423207,423206,IMPORTS
423229,423228,IMPORTS
423231,423230,IMPORTS
423248,423247,IMPORTS
423250,423249,IMPORTS
423278,423277,IMPORTS
423280,423279,IMPORTS
423292,423291,IMPORTS
423294,423293,IMPORTS
423407,423406,IMPORTS
423409,423408,IMPORTS
423429,423428,IMPORTS
423431,423430,IMPORTS
423645,423644,IMPORTS
423647,423646,IMPORTS
425766,425765,IMPORTS
425768,425767,IMPORTS
425963,425962,IMPORTS
425965,425964,IMPORTS
426100,426099,IMPORTS
426102,426101,IMPORTS
426806,426805,IMPORTS
426808,426807,IMPORTS
426810,426809,IMPORTS
426812,426811,IMPORTS
429269,429268,IMPORTS
429271,429270,IMPORTS
429515,429514,IMPORTS
429517,429516,IMPORTS
429845,429844,IMPORTS
429847,429846,IMPORTS
429879,429878,IMPORTS
429881,429880,IMPORTS
429951,429950,IMPORTS
429953,429952,IMPORTS
429997,429996,IMPORTS
429999,429998,IMPORTS
430030,430029,IMPORTS
430032,430031,IMPORTS
430079,430078,IMPORTS
430081,430080,IMPORTS
430098,430097,IMPORTS
430100,430099,IMPORTS
430234,430233,IMPORTS
430236,430235,IMPORTS
430269,430268,IMPORTS
430271,430270,IMPORTS
430273,430272,IMPORTS
430642,430641,IMPORTS
430644,430643,IMPORTS
430651,430650,IMPORTS
430653,430652,IMPORTS
430668,430667,IMPORTS
430670,430669,IMPORTS
430672,430671,IMPORTS
430674,430673,IMPORTS
430676,430675,IMPORTS
430678,430677,IMPORTS
430680,430679,IMPORTS
430682,430681,IMPORTS
430684,430683,IMPORTS
430686,430685,IMPORTS
430688,430687,IMPORTS
430690,430689,IMPORTS
430692,430691,IMPORTS
430694,430693,IMPORTS
430711,430710,IMPORTS
430713,430712,IMPORTS
430715,430714,IMPORTS
431260,431259,IMPORTS
431262,431261,IMPORTS
431264,431263,IMPORTS
431691,431690,IMPORTS
431693,431692,IMPORTS
431695,431694,IMPORTS
431974,431973,IMPORTS
431976,431975,IMPORTS
431978,431977,IMPORTS
432367,432366,IMPORTS
432369,432368,IMPORTS
432371,432370,IMPORTS
433149,433148,IMPORTS
433151,433150,IMPORTS
433153,433152,IMPORTS
433155,433154,IMPORTS
434804,434803,IMPORTS
434806,434805,IMPORTS
434808,434807,IMPORTS
434810,434809,IMPORTS
434812,434811,IMPORTS
434814,434813,IMPORTS
434816,434815,IMPORTS
435060,435059,IMPORTS
435062,435061,IMPORTS
435064,435063,IMPORTS
435599,435598,IMPORTS
435601,435600,IMPORTS
435603,435602,IMPORTS
437656,437655,IMPORTS
437658,437657,IMPORTS
437660,437659,IMPORTS
441766,441765,IMPORTS
441768,441767,IMPORTS
441770,441769,IMPORTS
441772,441771,IMPORTS
441774,441773,IMPORTS
443269,443268,IMPORTS
443271,443270,IMPORTS
443273,443272,IMPORTS
443275,443274,IMPORTS
444102,444101,IMPORTS
444104,444103,IMPORTS
444106,444105,IMPORTS
445972,445971,IMPORTS
445974,445973,IMPORTS
445976,445975,IMPORTS
445978,445977,IMPORTS
449695,449694,IMPORTS
449697,449696,IMPORTS
449699,449698,IMPORTS
451181,451180,IMPORTS
451183,451182,IMPORTS
451185,451184,IMPORTS
455902,455901,IMPORTS
455904,455903,IMPORTS
455906,455905,IMPORTS
456795,456794,IMPORTS
456797,456796,IMPORTS
456799,456798,IMPORTS
457235,457234,IMPORTS
457237,457236,IMPORTS
457239,457238,IMPORTS
459857,459856,IMPORTS
459859,459858,IMPORTS
459861,459860,IMPORTS
460045,460044,IMPORTS
460047,460046,IMPORTS
460049,460048,IMPORTS
460572,460571,IMPORTS
460574,460573,IMPORTS
460576,460575,IMPORTS
461207,461206,IMPORTS
461209,461208,IMPORTS
461211,461210,IMPORTS
463739,463738,IMPORTS
463741,463740,IMPORTS
463743,463742,IMPORTS
463780,463779,IMPORTS
463782,463781,IMPORTS
463784,463783,IMPORTS
465395,465394,IMPORTS
465397,465396,IMPORTS
465399,465398,IMPORTS
467352,467351,IMPORTS
467354,467353,IMPORTS
467356,467355,IMPORTS
467358,467357,IMPORTS
467463,467462,IMPORTS
467465,467464,IMPORTS
467467,467466,IMPORTS
469375,469374,IMPORTS
469377,469376,IMPORTS
469379,469378,IMPORTS
470115,470114,IMPORTS
470117,470116,IMPORTS
470119,470118,IMPORTS
471245,471244,IMPORTS
471247,471246,IMPORTS
471249,471248,IMPORTS
473703,473702,IMPORTS
473705,473704,IMPORTS
473707,473706,IMPORTS
473792,473791,IMPORTS
473794,473793,IMPORTS
473796,473795,IMPORTS
474630,474629,IMPORTS
474632,474631,IMPORTS
474634,474633,IMPORTS
474636,474635,IMPORTS
477900,477899,IMPORTS
477902,477901,IMPORTS
477904,477903,IMPORTS
477991,477990,IMPORTS
477993,477992,IMPORTS
477995,477994,IMPORTS
