,Source,Target,LineNumber,Relation,R_key,R_label
0,135179,135209,1182.0,,4,value_local
1,135179,135210,1182.0,,4,value_local
2,102412,121477,373.0,,3,data_method
3,282637,282664,127.0,,4,value_local
4,135186,135212,1185.0,,4,value_local
5,135186,135212,1185.0,,6,control_local
6,135186,135209,1189.0,,4,value_local
7,135186,135209,1193.0,,4,value_local
8,86036,86049,46.0,,4,value_local
9,73755,74011,154.0,,4,value_local
10,73755,74011,155.0,,4,value_local
11,102435,121477,385.0,,3,data_method
12,102435,121477,385.0,,4,return_method
13,102435,121477,390.0,,3,data_method
14,102435,121477,390.0,,4,return_method
15,73767,74011,159.0,,4,value_local
16,135213,121438,1229.0,,3,data_method
17,135213,121438,1230.0,,3,data_method
18,135213,121438,1236.0,,3,data_method
19,135213,121438,1236.0,,3,data_method
20,135213,121438,1242.0,,3,data_method
21,135213,121438,1242.0,,3,data_method
22,135213,121084,1253.0,,3,data_method
23,73775,74011,178.0,,4,value_local
24,73775,74011,178.0,,6,control_local
25,59,131419,20.0,,4,value_local
26,59,131421,21.0,,4,value_local
27,86078,86088,65.0,,4,value_local
28,290890,291307,84.0,,4,value_local
29,76,131419,26.0,,4,value_local
30,76,131421,26.0,,4,value_local
31,86096,86108,78.0,,4,value_local
32,83,831,32.0,,3,data_method
33,83,131419,32.0,,4,value_local
34,83,131421,34.0,,4,value_local
35,73824,74011,211.0,,4,value_local
36,73824,74011,211.0,,6,control_local
37,86117,86217,97.0,,4,value_local
38,86117,86218,97.0,,4,value_local
39,102508,121487,399.0,,3,data_method
40,102508,121487,399.0,,4,return_method
41,90221,91035,402.0,,4,value_local
42,90221,91033,405.0,,4,value_local
43,86139,86217,103.0,,4,value_local
44,86139,86218,103.0,,4,value_local
45,102536,121438,410.0,,3,data_method
46,102536,121438,411.0,,3,data_method
47,102536,121438,416.0,,3,data_method
48,102536,121438,420.0,,3,data_method
49,102536,121438,431.0,,3,data_method
50,102536,121438,457.0,,3,data_method
51,102536,121084,410.0,,3,data_method
52,102536,121487,415.0,,3,data_method
53,102536,121487,415.0,,4,return_method
54,102536,103000,432.0,,3,data_method
55,102536,103000,432.0,,4,return_method
56,86154,86217,109.0,,4,value_local
57,86154,86218,110.0,,4,value_local
58,146,131420,54.0,,4,value_local
59,146,131419,54.0,,4,value_local
60,90260,91039,412.0,,4,value_local
61,290965,291365,103.0,,4,value_local
62,290965,291366,103.0,,4,value_local
63,290965,291360,105.0,,4,value_local
64,290965,291360,106.0,,4,value_local
65,290965,291359,106.0,,4,value_local
66,290965,291359,111.0,,4,value_local
67,290965,291361,110.0,,4,value_local
68,290965,291361,111.0,,4,value_local
69,90269,91041,417.0,,4,value_local
70,159,131421,58.0,,4,value_local
71,90277,91040,422.0,,4,value_local
72,167,131421,62.0,,4,value_local
73,90285,91041,427.0,,4,value_local
74,90285,91041,427.0,,6,control_local
75,90285,91032,432.0,,4,value_local
76,291009,291361,116.0,,4,value_local
77,291009,291363,117.0,,4,value_local
78,291009,291362,118.0,,4,value_local
79,291009,291362,118.0,,6,control_local
80,291009,291364,119.0,,4,value_local
81,90319,91035,457.0,,4,value_local
82,291028,291365,132.0,,4,value_local
83,86243,86285,143.0,,4,value_local
84,86243,86287,145.0,,4,value_local
85,86243,86286,145.0,,4,value_local
86,291052,291365,136.0,,4,value_local
87,291066,291366,140.0,,4,value_local
88,291066,291367,141.0,,4,value_local
89,252,131343,35.0,,4,value_local
90,252,131343,35.0,,6,control_local
91,252,131342,36.0,,4,value_local
92,252,131342,37.0,,4,value_local
93,86272,86287,149.0,,4,value_local
94,291082,291365,149.0,,4,value_local
95,291082,291365,155.0,,4,value_local
96,291082,291360,151.0,,4,value_local
97,291082,291366,152.0,,4,value_local
98,291082,291366,153.0,,4,value_local
99,291082,291367,153.0,,4,value_local
100,86289,86328,168.0,,4,value_local
101,90384,91035,461.0,,4,value_local
102,90394,91039,465.0,,4,value_local
103,90401,91040,469.0,,4,value_local
104,135459,121438,1259.0,,3,data_method
105,135459,121084,1263.0,,3,data_method
106,86310,86328,172.0,,4,value_local
107,90409,91038,474.0,,4,value_local
108,90409,91037,475.0,,4,value_local
109,90409,91032,475.0,,4,value_local
110,90409,91035,476.0,,4,value_local
111,291132,291366,166.0,,4,value_local
112,291132,291366,166.0,,6,control_local
113,291132,291366,166.0,,4,value_local
114,291132,291366,166.0,,6,control_local
115,291132,291366,167.0,,4,value_local
116,291132,291367,169.0,,4,value_local
117,291132,291367,169.0,,6,control_local
118,291132,291367,169.0,,4,value_local
119,291132,291367,169.0,,6,control_local
120,291132,291367,170.0,,4,value_local
121,86335,86346,186.0,,4,value_local
122,201028,129539,97.0,,3,data_method
123,90444,91037,485.0,,4,value_local
124,90444,91037,486.0,,4,value_local
125,90444,91037,486.0,,6,control_local
126,90444,91037,489.0,,4,value_local
127,90444,91037,491.0,,4,value_local
128,90444,91037,491.0,,6,control_local
129,90444,91032,495.0,,4,value_local
130,90444,91041,497.0,,4,value_local
131,90444,91041,497.0,,6,control_local
132,90444,91041,498.0,,4,value_local
133,90444,91033,497.0,,4,value_local
134,90444,91033,497.0,,6,control_local
135,86352,86931,203.0,,4,value_local
136,86352,86931,203.0,,6,control_local
137,86352,86931,204.0,,4,value_local
138,160083,160082,367.0,,4,value_local
139,135507,121438,1268.0,,3,data_method
140,135507,136560,1269.0,,2,call_method
141,135507,136560,1269.0,,4,return_method
142,135507,121084,1270.0,,3,data_method
143,86363,86930,208.0,,4,value_local
144,86363,86930,214.0,,4,value_local
145,86363,86926,209.0,,4,value_local
146,86363,86925,210.0,,4,value_local
147,86363,86925,211.0,,4,value_local
148,86363,86929,218.0,,4,value_local
149,131443,131736,63.0,,2,call_method
150,291191,291361,177.0,,4,value_local
151,291191,291360,180.0,,4,value_local
152,131454,136560,95.0,,2,call_method
153,131454,136560,95.0,,4,return_method
154,131454,131764,109.0,,3,data_method
155,135558,121438,1276.0,,3,data_method
156,135558,135507,1279.0,,3,data_method
157,135558,135507,1279.0,,4,return_method
158,135558,121084,1285.0,,3,data_method
159,86409,86928,225.0,,4,value_local
160,86409,86927,226.0,,4,value_local
161,86409,86927,226.0,,6,control_local
162,86409,86926,227.0,,4,value_local
163,86409,86925,228.0,,4,value_local
164,86409,86925,228.0,,6,control_local
165,90510,91037,502.0,,4,value_local
166,90523,91032,506.0,,4,value_local
167,86437,86928,234.0,,4,value_local
168,86437,86928,234.0,,6,control_local
169,86437,86928,236.0,,4,value_local
170,86437,86928,253.0,,4,value_local
171,86437,86927,239.0,,4,value_local
172,86437,86927,239.0,,6,control_local
173,86437,86927,241.0,,4,value_local
174,86437,86927,243.0,,4,value_local
175,86437,86927,244.0,,4,value_local
176,86437,86927,244.0,,6,control_local
177,86437,86927,246.0,,4,value_local
178,86437,86927,247.0,,4,value_local
179,86437,86926,240.0,,4,value_local
180,86437,86925,241.0,,4,value_local
181,86437,86930,249.0,,4,value_local
182,90533,91032,511.0,,4,value_local
183,131503,121219,193.0,,2,call_method
184,291251,291305,28.0,,4,value_local
185,291251,291305,28.0,,4,value_local
186,291251,291302,28.0,,4,value_local
187,291251,291304,28.0,,4,value_local
188,102838,121563,475.0,,4,value_local
189,102838,121564,476.0,,4,value_local
190,102838,121565,477.0,,4,value_local
191,131515,132707,320.0,,4,value_local
192,291268,291301,31.0,,4,value_local
193,90571,91032,520.0,,4,value_local
194,90571,91032,521.0,,4,value_local
195,90571,91035,534.0,,4,value_local
196,90571,91035,542.0,,4,value_local
197,135631,121438,1291.0,,3,data_method
198,135631,121438,1295.0,,3,data_method
199,135631,121084,1297.0,,3,data_method
200,131538,132714,416.0,,4,value_local
201,131538,132711,416.0,,4,value_local
202,102874,121334,499.0,,3,data_method
203,291290,291302,39.0,,4,value_local
204,131551,132707,448.0,,4,value_local
205,74219,74072,517.0,,3,data_method
206,86514,86931,257.0,,4,value_local
207,86514,86931,257.0,,6,control_local
208,86514,86931,258.0,,4,value_local
209,86514,86931,259.0,,4,value_local
210,131575,121477,725.0,,3,data_method
211,131575,121477,725.0,,4,return_method
212,102909,121644,521.0,,4,value_local
213,111106,121438,1691.0,,3,data_method
214,111106,121438,1692.0,,3,data_method
215,111106,121438,1695.0,,3,data_method
216,111106,121487,1694.0,,3,data_method
217,111106,121487,1694.0,,4,return_method
218,111106,110355,1699.0,,3,data_method
219,111106,110355,1699.0,,4,return_method
220,111106,121477,1701.0,,3,data_method
221,111106,121477,1701.0,,4,return_method
222,111106,121084,1703.0,,3,data_method
223,102916,121644,525.0,,4,value_local
224,102916,121644,525.0,,6,control_local
225,102916,121644,528.0,,4,value_local
226,86534,86932,265.0,,4,value_local
227,131593,121219,799.0,,2,call_method
228,102930,121644,532.0,,4,value_local
229,131604,135210,1194.0,,4,value_local
230,86551,86932,269.0,,4,value_local
231,102936,121645,536.0,,4,value_local
232,102936,121314,552.0,,3,data_method
233,102936,121591,558.0,,4,value_local
234,102936,121591,558.0,,6,control_local
235,139806,1469,334.0,,4,value_local
236,197151,199701,762.0,,4,value_local
237,197151,199701,762.0,,6,control_local
238,197151,199701,763.0,,4,value_local
239,135713,121438,1313.0,,3,data_method
240,135713,121438,1314.0,,3,data_method
241,135713,121438,1315.0,,3,data_method
242,135713,121438,1321.0,,3,data_method
243,135713,121438,1336.0,,3,data_method
244,135713,121438,1336.0,,3,data_method
245,135713,121438,1360.0,,3,data_method
246,98860,98958,162.0,,4,value_local
247,86577,86932,281.0,,4,value_local
248,86577,86932,282.0,,4,value_local
249,86577,86932,282.0,,6,control_local
250,82482,82558,234.0,,4,value_local
251,82482,82558,247.0,,4,value_local
252,82482,82557,239.0,,4,value_local
253,82482,82557,245.0,,4,value_local
254,82482,82556,240.0,,4,value_local
255,291379,292149,22.0,,4,value_local
256,98872,98957,164.0,,4,value_local
257,98878,98959,166.0,,4,value_local
258,98884,98958,169.0,,4,value_local
259,291399,292156,189.0,,4,value_local
260,131656,136560,26.0,,2,call_method
261,98893,98958,172.0,,4,value_local
262,90703,91036,550.0,,4,value_local
263,90703,91032,551.0,,4,value_local
264,102992,121694,575.0,,4,value_local
265,131665,136582,30.0,,4,value_local
266,131665,131736,31.0,,2,call_method
267,98903,98958,175.0,,4,value_local
268,291418,292150,231.0,,4,value_local
269,291418,292152,233.0,,4,value_local
270,291418,292165,234.0,,4,value_local
271,291418,292154,235.0,,4,value_local
272,131677,136560,36.0,,2,call_method
273,606,131198,207.0,,4,value_local
274,98918,98955,183.0,,4,value_local
275,98918,98956,183.0,,4,value_local
276,103021,121694,597.0,,4,value_local
277,103021,121694,597.0,,6,control_local
278,103021,121694,602.0,,4,value_local
279,103021,121695,601.0,,4,value_local
280,103021,121695,601.0,,6,control_local
281,33394,831,1197.0,,3,data_method
282,33394,831,1197.0,,4,return_method
283,33394,831,1197.0,,6,control_method
284,82550,82558,257.0,,4,value_local
285,131710,136583,57.0,,4,value_local
286,131710,136583,57.0,,6,control_local
287,131710,136583,58.0,,4,value_local
288,131710,136582,57.0,,4,value_local
289,131710,136582,57.0,,6,control_local
290,131710,136560,60.0,,2,call_method
291,90752,91036,558.0,,4,value_local
292,291453,292149,225.0,,4,value_local
293,291453,292150,228.0,,4,value_local
294,98945,98955,192.0,,4,value_local
295,98945,98956,192.0,,4,value_local
296,86664,86857,302.0,,4,value_local
297,90762,91035,564.0,,4,value_local
298,103053,121694,610.0,,4,value_local
299,103053,121694,610.0,,6,control_local
300,90776,91035,568.0,,4,value_local
301,82586,82735,288.0,,4,value_local
302,98972,99027,211.0,,4,value_local
303,86688,86856,309.0,,4,value_local
304,86688,86855,310.0,,4,value_local
305,86688,86855,310.0,,6,control_local
306,86688,86855,312.0,,4,value_local
307,90786,91035,572.0,,4,value_local
308,98982,99029,213.0,,4,value_local
309,291496,292148,15.0,,4,value_local
310,291496,292148,16.0,,4,value_local
311,291496,292148,19.0,,4,value_local
312,291496,292148,28.0,,4,value_local
313,291496,292149,18.0,,4,value_local
314,291496,292149,19.0,,4,value_local
315,291496,292150,27.0,,4,value_local
316,291496,292150,28.0,,4,value_local
317,90796,91035,576.0,,4,value_local
318,98988,99027,218.0,,4,value_local
319,197295,197293,104.0,,4,value_local
320,103088,121694,622.0,,4,value_local
321,103088,121694,622.0,,6,control_local
322,131764,161209,82.0,,3,data_method
323,90806,91035,580.0,,4,value_local
324,86713,86856,317.0,,4,value_local
325,86713,86855,318.0,,4,value_local
326,90814,91037,584.0,,4,value_local
327,90814,91037,584.0,,6,control_local
328,86723,86855,325.0,,4,value_local
329,197318,197484,113.0,,4,value_local
330,90830,91037,590.0,,4,value_local
331,90830,91037,590.0,,6,control_local
332,8911,131198,677.0,,4,value_local
333,291537,292151,38.0,,4,value_local
334,291537,292160,39.0,,4,value_local
335,291537,292160,39.0,,6,control_local
336,291537,292160,40.0,,4,value_local
337,291537,292112,40.0,,4,value_local
338,103122,121694,632.0,,4,value_local
339,197331,197484,127.0,,4,value_local
340,197331,197484,127.0,,6,control_local
341,197331,197484,131.0,,4,value_local
342,197331,197485,127.0,,4,value_local
343,197331,197485,127.0,,6,control_local
344,197331,197485,129.0,,4,value_local
345,197331,197483,129.0,,4,value_local
346,197331,197483,130.0,,4,value_local
347,82652,82735,307.0,,4,value_local
348,82652,82735,308.0,,4,value_local
349,103134,121695,641.0,,4,value_local
350,103134,121695,641.0,,6,control_local
351,103134,121694,642.0,,4,value_local
352,86754,86856,331.0,,4,value_local
353,86754,86855,332.0,,4,value_local
354,90850,91037,600.0,,4,value_local
355,90850,91037,600.0,,6,control_local
356,291565,292155,52.0,,4,value_local
357,291565,292155,52.0,,6,control_local
358,291565,292155,53.0,,4,value_local
359,291565,292150,56.0,,4,value_local
360,291565,292152,57.0,,4,value_local
361,291565,292165,58.0,,4,value_local
362,291565,292165,58.0,,6,control_local
363,291565,292154,59.0,,4,value_local
364,197358,197484,137.0,,4,value_local
365,197358,197484,137.0,,6,control_local
366,197358,197484,139.0,,4,value_local
367,197358,197483,138.0,,4,value_local
368,197358,197483,142.0,,4,value_local
369,197358,197485,143.0,,4,value_local
370,103158,121694,654.0,,4,value_local
371,103158,121324,655.0,,3,data_method
372,90875,91042,608.0,,4,value_local
373,90875,91042,608.0,,6,control_local
374,90875,91042,609.0,,4,value_local
375,90875,91042,612.0,,4,value_local
376,90875,91032,610.0,,4,value_local
377,197376,197483,148.0,,4,value_local
378,197376,197483,148.0,,6,control_local
379,197376,197483,149.0,,4,value_local
380,197376,197485,164.0,,4,value_local
381,82690,82735,327.0,,4,value_local
382,82698,82735,328.0,,4,value_local
383,90900,91033,616.0,,4,value_local
384,90900,91033,616.0,,6,control_local
385,90900,91043,619.0,,4,value_local
386,90900,91043,619.0,,6,control_local
387,90900,91043,620.0,,4,value_local
388,90900,91043,623.0,,4,value_local
389,82712,82735,332.0,,4,value_local
390,82712,82735,332.0,,6,control_local
391,82712,82735,334.0,,4,value_local
392,131871,121213,149.0,,2,call_method
393,86815,86856,47.0,,4,value_local
394,86815,86855,48.0,,4,value_local
395,131883,121219,152.0,,2,call_method
396,90926,91037,627.0,,4,value_local
397,86830,86858,54.0,,4,value_local
398,226097,225943,70.0,,2,call_method
399,226097,225943,70.0,,4,return_method
400,90936,91040,632.0,,4,value_local
401,90936,91040,632.0,,6,control_local
402,90936,91041,634.0,,4,value_local
403,90936,91041,634.0,,6,control_local
404,90936,91039,634.0,,4,value_local
405,90936,91039,634.0,,6,control_local
406,197432,197485,169.0,,4,value_local
407,197432,197485,169.0,,6,control_local
408,197432,197485,170.0,,4,value_local
409,197432,197483,170.0,,4,value_local
410,226109,226079,102.0,,4,value_local
411,201536,201672,106.0,,4,value_local
412,201536,201672,106.0,,6,control_local
413,201536,201672,115.0,,4,value_local
414,201536,201672,115.0,,6,control_local
415,201536,201673,109.0,,4,value_local
416,201536,201673,110.0,,4,value_local
417,291652,292161,74.0,,4,value_local
418,291652,292161,81.0,,4,value_local
419,291652,292162,79.0,,4,value_local
420,291652,292155,83.0,,4,value_local
421,291652,292155,83.0,,6,control_local
422,291652,292155,84.0,,4,value_local
423,291652,292155,88.0,,4,value_local
424,291652,292155,91.0,,4,value_local
425,291652,292155,91.0,,6,control_local
426,291652,292155,94.0,,4,value_local
427,291652,292155,95.0,,4,value_local
428,90954,91034,641.0,,4,value_local
429,90954,91034,641.0,,6,control_local
430,90954,91034,644.0,,4,value_local
431,90954,91034,650.0,,4,value_local
432,90954,91042,647.0,,4,value_local
433,90954,91042,647.0,,6,control_local
434,90954,91042,647.0,,4,value_local
435,90954,91032,648.0,,4,value_local
436,226127,226078,117.0,,4,value_local
437,226127,226020,117.0,,4,value_local
438,197461,197485,178.0,,4,value_local
439,197461,197485,178.0,,6,control_local
440,197461,197485,178.0,,4,value_local
441,197461,197485,178.0,,6,control_local
442,197461,197485,179.0,,4,value_local
443,197461,197483,178.0,,4,value_local
444,197461,197483,178.0,,6,control_local
445,90982,91032,654.0,,4,value_local
446,254830,254828,127.0,,4,value_local
447,86898,86930,83.0,,4,value_local
448,90997,239925,664.0,,3,data_method
449,90997,239925,664.0,,4,return_method
450,70520,71647,249.0,,4,value_local
451,70520,71644,257.0,,4,value_local
452,70520,71645,258.0,,4,value_local
453,70520,71646,265.0,,4,value_local
454,4993,131155,846.0,,4,value_local
455,197520,197561,209.0,,4,value_local
456,201619,201674,123.0,,4,value_local
457,201619,201674,124.0,,4,value_local
458,291735,292151,100.0,,4,value_local
459,291735,292160,102.0,,4,value_local
460,291735,292160,102.0,,6,control_local
461,291735,292160,112.0,,4,value_local
462,291735,292164,110.0,,4,value_local
463,291735,292164,113.0,,4,value_local
464,291735,292163,110.0,,4,value_local
465,197530,197561,213.0,,4,value_local
466,201635,201675,129.0,,4,value_local
467,201635,201675,131.0,,4,value_local
468,132004,132713,224.0,,4,value_local
469,132004,132714,224.0,,4,value_local
470,132004,132714,225.0,,4,value_local
471,132004,132714,226.0,,4,value_local
472,132004,6133,225.0,,3,data_method
473,197540,197562,217.0,,4,value_local
474,254887,254965,141.0,,4,value_local
475,197550,197562,221.0,,4,value_local
476,291765,292151,120.0,,4,value_local
477,291765,292160,121.0,,4,value_local
478,291765,292160,121.0,,6,control_local
479,291765,292160,122.0,,4,value_local
480,291765,292112,121.0,,4,value_local
481,291765,292112,121.0,,6,control_local
482,291765,292164,125.0,,4,value_local
483,291765,292114,128.0,,4,value_local
484,291765,292114,129.0,,4,value_local
485,291765,292163,128.0,,4,value_local
486,291765,292163,129.0,,4,value_local
487,291765,292163,130.0,,4,value_local
488,291765,292152,133.0,,4,value_local
489,291765,292158,134.0,,4,value_local
490,201656,201676,135.0,,4,value_local
491,201656,201676,136.0,,4,value_local
492,226236,226224,164.0,,4,value_local
493,226236,226224,166.0,,4,value_local
494,226236,226224,166.0,,6,control_local
495,226236,226225,173.0,,4,value_local
496,226236,226225,175.0,,4,value_local
497,226236,226225,175.0,,6,control_local
498,226236,226226,191.0,,4,value_local
499,226236,226020,191.0,,4,value_local
500,197572,199687,295.0,,4,value_local
501,132039,6156,230.0,,3,data_method
502,132039,132714,230.0,,4,value_local
503,132039,132714,231.0,,4,value_local
504,254925,254969,154.0,,4,value_local
505,201684,201672,221.0,,4,value_local
506,132056,132704,237.0,,4,value_local
507,132056,132706,239.0,,4,value_local
508,132056,132706,239.0,,6,control_local
509,132056,132712,239.0,,4,value_local
510,132056,132712,239.0,,6,control_local
511,132056,132712,239.0,,4,value_local
512,132056,132712,239.0,,6,control_local
513,132056,132709,240.0,,4,value_local
514,132056,132709,240.0,,6,control_local
515,132056,132709,247.0,,4,value_local
516,132056,132709,247.0,,6,control_local
517,132056,132705,244.0,,4,value_local
518,132056,132708,248.0,,4,value_local
519,132056,132708,248.0,,6,control_local
520,197598,199688,306.0,,4,value_local
521,291816,292152,140.0,,4,value_local
522,291816,292151,145.0,,4,value_local
523,291816,292164,146.0,,4,value_local
524,291816,292164,146.0,,6,control_local
525,291816,292158,149.0,,4,value_local
526,291816,292149,150.0,,4,value_local
527,291816,292159,156.0,,4,value_local
528,291816,292159,156.0,,6,control_local
529,291816,292153,157.0,,4,value_local
530,78836,78643,1411.0,,3,data_method
531,197624,199689,317.0,,4,value_local
532,197624,199689,317.0,,6,control_local
533,197624,199689,319.0,,4,value_local
534,197624,199689,320.0,,4,value_local
535,197624,199689,320.0,,6,control_local
536,197624,199689,323.0,,4,value_local
537,197624,199689,326.0,,4,value_local
538,197624,199689,329.0,,4,value_local
539,197624,199689,330.0,,4,value_local
540,197624,199689,332.0,,4,value_local
541,197624,199690,317.0,,4,value_local
542,197624,199690,317.0,,6,control_local
543,197624,199690,324.0,,4,value_local
544,197624,199690,330.0,,4,value_local
545,197624,199685,326.0,,4,value_local
546,197624,199685,332.0,,4,value_local
547,136194,121438,1408.0,,3,data_method
548,136194,136572,1410.0,,2,call_method
549,136194,136572,1410.0,,4,return_method
550,136194,121084,1411.0,,3,data_method
551,70672,71938,419.0,,4,value_local
552,70672,71937,429.0,,4,value_local
553,70672,71937,431.0,,4,value_local
554,70672,71937,431.0,,6,control_local
555,70672,71936,430.0,,4,value_local
556,291860,292155,163.0,,4,value_local
557,291860,292155,163.0,,6,control_local
558,291860,292155,179.0,,4,value_local
559,291860,292155,179.0,,6,control_local
560,291860,292152,167.0,,4,value_local
561,291860,292157,168.0,,4,value_local
562,291860,292157,171.0,,4,value_local
563,291860,292157,171.0,,6,control_local
564,291860,292157,173.0,,4,value_local
565,291860,292157,174.0,,4,value_local
566,132120,132704,262.0,,4,value_local
567,132120,132709,264.0,,4,value_local
568,132120,132709,264.0,,6,control_local
569,132120,132708,268.0,,4,value_local
570,160794,160081,600.0,,4,value_local
571,160794,160082,600.0,,4,value_local
572,132138,132704,274.0,,4,value_local
573,132138,132708,276.0,,4,value_local
574,132138,132708,276.0,,6,control_local
575,132138,132708,280.0,,4,value_local
576,132138,132708,282.0,,4,value_local
577,132138,132708,282.0,,6,control_local
578,132138,132709,283.0,,4,value_local
579,132138,132709,283.0,,6,control_local
580,132138,132709,284.0,,4,value_local
581,132138,132709,285.0,,4,value_local
582,132138,132709,285.0,,6,control_local
583,132138,132712,285.0,,4,value_local
584,132138,132712,285.0,,6,control_local
585,132138,132705,286.0,,4,value_local
586,255026,255044,189.0,,4,value_local
587,197689,199690,344.0,,4,value_local
588,197689,199690,344.0,,6,control_local
589,197689,199690,346.0,,4,value_local
590,197689,199690,347.0,,4,value_local
591,197689,199690,350.0,,4,value_local
592,197689,199690,351.0,,4,value_local
593,197689,199690,353.0,,4,value_local
594,197689,199689,344.0,,4,value_local
595,197689,199689,344.0,,6,control_local
596,197689,199689,351.0,,4,value_local
597,197689,199686,347.0,,4,value_local
598,197689,199686,350.0,,4,value_local
599,197689,199686,353.0,,4,value_local
600,226391,226224,200.0,,4,value_local
601,226391,226224,203.0,,4,value_local
602,226391,226080,209.0,,4,value_local
603,226391,226226,212.0,,4,value_local
604,226391,226225,218.0,,4,value_local
605,226391,226225,221.0,,4,value_local
606,226391,226225,227.0,,4,value_local
607,132190,132706,296.0,,4,value_local
608,132190,132706,296.0,,6,control_local
609,132190,132706,297.0,,4,value_local
610,132190,132711,297.0,,4,value_local
611,291940,292148,186.0,,4,value_local
612,291940,292156,186.0,,4,value_local
613,291940,292155,186.0,,4,value_local
614,197741,199695,360.0,,4,value_local
615,197741,199697,361.0,,4,value_local
616,197741,199691,391.0,,4,value_local
617,197741,199691,391.0,,6,control_local
618,197741,199689,401.0,,4,value_local
619,197741,199690,402.0,,4,value_local
620,197741,199684,405.0,,4,value_local
621,197741,199684,405.0,,6,control_local
622,197741,199684,407.0,,4,value_local
623,197741,199684,411.0,,4,value_local
624,197741,199684,411.0,,6,control_local
625,197741,199684,413.0,,4,value_local
626,197741,199684,418.0,,4,value_local
627,197741,199684,419.0,,4,value_local
628,197741,199684,422.0,,4,value_local
629,197741,199684,427.0,,4,value_local
630,197741,199688,414.0,,4,value_local
631,197741,199692,443.0,,4,value_local
632,132216,136560,306.0,,2,call_method
633,132216,136560,306.0,,4,return_method
634,132216,136560,316.0,,2,call_method
635,132216,132714,306.0,,4,value_local
636,132216,132714,316.0,,4,value_local
637,132216,132707,308.0,,4,value_local
638,132216,132707,308.0,,6,control_local
639,132216,132707,317.0,,4,value_local
640,132216,132712,309.0,,4,value_local
641,132216,132712,309.0,,6,control_local
642,132216,132712,312.0,,4,value_local
643,132216,132712,312.0,,6,control_local
644,132216,132705,310.0,,4,value_local
645,132216,132705,312.0,,4,value_local
646,132216,132705,312.0,,6,control_local
647,291962,292156,196.0,,4,value_local
648,291962,292156,197.0,,4,value_local
649,291962,292152,201.0,,4,value_local
650,291962,292157,202.0,,4,value_local
651,291962,292157,203.0,,4,value_local
652,291962,292157,206.0,,4,value_local
653,291962,292157,206.0,,6,control_local
654,291962,292157,208.0,,4,value_local
655,291962,292157,209.0,,4,value_local
656,291962,292159,204.0,,4,value_local
657,291962,292153,205.0,,4,value_local
658,291962,292155,212.0,,4,value_local
659,291962,292155,212.0,,6,control_local
660,70806,72355,643.0,,4,value_local
661,271546,272380,268.0,,4,value_local
662,271546,272380,272.0,,4,value_local
663,271546,272380,275.0,,4,value_local
664,132282,132707,336.0,,4,value_local
665,132293,132707,342.0,,4,value_local
666,132304,132711,347.0,,4,value_local
667,292049,292150,220.0,,4,value_local
668,292049,292149,222.0,,4,value_local
669,255185,256065,268.0,,4,value_local
670,255185,256071,270.0,,4,value_local
671,255185,256070,271.0,,4,value_local
672,132310,132703,355.0,,4,value_local
673,132310,132710,357.0,,4,value_local
674,132310,132710,361.0,,4,value_local
675,132310,132710,361.0,,6,control_local
676,132310,132701,357.0,,4,value_local
677,132310,132701,361.0,,4,value_local
678,132310,132701,361.0,,6,control_local
679,132310,132700,361.0,,4,value_local
680,132310,132700,361.0,,6,control_local
681,230618,130201,613.0,,4,value_local
682,255199,256065,275.0,,4,value_local
683,255199,256065,275.0,,6,control_local
684,255199,256066,276.0,,4,value_local
685,255199,256066,280.0,,4,value_local
686,255199,256067,281.0,,4,value_local
687,255199,256064,282.0,,4,value_local
688,255199,256072,285.0,,4,value_local
689,70908,73132,1018.0,,4,value_local
690,132352,132704,377.0,,4,value_local
691,132352,132709,378.0,,4,value_local
692,132352,132709,378.0,,6,control_local
693,132352,132714,407.0,,4,value_local
694,132352,132714,412.0,,4,value_local
695,132352,132714,415.0,,4,value_local
696,132352,132713,410.0,,4,value_local
697,132352,132713,410.0,,6,control_local
698,132352,132713,412.0,,4,value_local
699,132352,121477,413.0,,3,data_method
700,132352,121477,413.0,,4,return_method
701,136572,136581,33.0,,4,value_local
702,71044,71406,68.0,,4,value_local
703,71044,71406,68.0,,6,control_local
704,71044,71407,68.0,,4,value_local
705,71044,71407,68.0,,6,control_local
706,71044,71407,70.0,,4,value_local
707,71044,71405,84.0,,4,value_local
708,71044,71405,84.0,,6,control_local
709,198044,199692,468.0,,4,value_local
710,198044,199684,469.0,,4,value_local
711,132510,132714,423.0,,4,value_local
712,132510,132714,426.0,,4,value_local
713,132510,132716,424.0,,4,value_local
714,132510,132716,424.0,,6,control_local
715,132510,132716,426.0,,4,value_local
716,132510,132715,426.0,,4,value_local
717,132510,132711,426.0,,4,value_local
718,136628,131151,479.0,,4,value_local
719,136628,131151,479.0,,6,control_local
720,136628,131151,542.0,,4,value_local
721,136628,131151,542.0,,6,control_local
722,136628,131151,543.0,,4,value_local
723,136628,131148,486.0,,4,value_local
724,136628,131146,512.0,,4,value_local
725,136628,131146,512.0,,6,control_local
726,136628,131146,512.0,,4,value_local
727,136628,131146,512.0,,6,control_local
728,136628,131146,521.0,,4,value_local
729,136628,131147,538.0,,4,value_local
730,136628,131153,543.0,,4,value_local
731,132533,132714,432.0,,4,value_local
732,132533,132714,444.0,,4,value_local
733,132533,132704,434.0,,4,value_local
734,132533,132709,435.0,,4,value_local
735,132533,132712,436.0,,4,value_local
736,132533,132712,436.0,,6,control_local
737,132533,132705,437.0,,4,value_local
738,132533,132718,440.0,,4,value_local
739,132533,132718,440.0,,6,control_local
740,132533,132718,443.0,,4,value_local
741,132533,136560,444.0,,2,call_method
742,132533,132707,445.0,,4,value_local
743,161209,160081,1012.0,,4,value_local
744,251327,251604,140.0,,4,value_local
745,251327,251604,149.0,,4,value_local
746,251327,251604,158.0,,4,value_local
747,251327,251604,184.0,,4,value_local
748,251327,251605,148.0,,4,value_local
749,251327,251606,182.0,,4,value_local
750,251327,251606,188.0,,4,value_local
751,251327,251606,190.0,,4,value_local
752,251327,251606,191.0,,4,value_local
753,251327,251606,192.0,,4,value_local
754,251327,251603,185.0,,4,value_local
755,251327,251603,189.0,,4,value_local
756,251327,251603,189.0,,6,control_local
757,251327,251603,190.0,,4,value_local
758,251327,251603,191.0,,4,value_local
759,251327,251603,196.0,,4,value_local
760,251327,251603,197.0,,4,value_local
761,1481,130649,100.0,,4,value_local
762,1481,130649,101.0,,4,value_local
763,1481,130649,116.0,,4,value_local
764,1481,130649,120.0,,4,value_local
765,1481,130649,143.0,,4,value_local
766,1481,130649,144.0,,4,value_local
767,1481,130649,145.0,,4,value_local
768,1481,130649,146.0,,4,value_local
769,1481,130649,149.0,,4,value_local
770,1481,130649,150.0,,4,value_local
771,1481,130649,150.0,,6,control_local
772,1481,130649,151.0,,4,value_local
773,1481,130649,151.0,,4,value_local
774,1481,130649,157.0,,4,value_local
775,1481,130649,164.0,,4,value_local
776,1481,130637,113.0,,4,value_local
777,1481,130637,113.0,,6,control_local
778,132583,132710,456.0,,4,value_local
779,132583,132702,456.0,,4,value_local
780,132583,132701,457.0,,4,value_local
781,132583,132701,457.0,,6,control_local
782,132583,132701,457.0,,4,value_local
783,132583,132701,457.0,,6,control_local
784,132583,132707,461.0,,4,value_local
785,198144,199700,482.0,,4,value_local
786,198144,199700,482.0,,6,control_local
787,198144,199700,483.0,,4,value_local
788,198144,199700,484.0,,4,value_local
789,198144,199700,489.0,,4,value_local
790,198144,199700,489.0,,6,control_local
791,198144,199700,490.0,,4,value_local
792,198144,199699,487.0,,4,value_local
793,198144,199689,493.0,,4,value_local
794,198144,199689,493.0,,6,control_local
795,198144,199692,512.0,,4,value_local
796,132608,100174,471.0,,3,data_method
797,132608,100174,471.0,,4,return_method
798,132608,100717,473.0,,3,data_method
799,132608,100717,481.0,,3,data_method
800,132608,100548,479.0,,3,data_method
801,132608,100548,479.0,,4,return_method
802,255515,256064,353.0,,4,value_local
803,255515,256067,354.0,,4,value_local
804,255515,256065,356.0,,4,value_local
805,255515,256065,358.0,,4,value_local
806,255515,256065,370.0,,4,value_local
807,255515,256066,357.0,,4,value_local
808,255515,256072,361.0,,4,value_local
809,255515,256072,362.0,,4,value_local
810,71203,71407,106.0,,4,value_local
811,292389,292402,338.0,,4,value_local
812,140838,140853,90.0,,4,value_local
813,71209,71406,108.0,,4,value_local
814,292395,292401,339.0,,4,value_local
815,71215,71408,110.0,,4,value_local
816,202294,202770,317.0,,4,value_local
817,71224,71406,113.0,,4,value_local
818,71224,71406,113.0,,6,control_local
819,71224,71407,118.0,,4,value_local
820,71224,71407,118.0,,6,control_local
821,71224,71407,120.0,,4,value_local
822,71224,71407,127.0,,4,value_local
823,71224,71408,123.0,,4,value_local
824,71224,71408,123.0,,6,control_local
825,71224,71408,124.0,,4,value_local
826,71224,71408,124.0,,6,control_local
827,71224,71405,134.0,,4,value_local
828,132667,132707,490.0,,4,value_local
829,202302,202769,327.0,,4,value_local
830,202302,202769,336.0,,4,value_local
831,202302,202769,336.0,,4,value_local
832,202302,202769,338.0,,4,value_local
833,202302,202769,341.0,,4,value_local
834,202302,202662,337.0,,4,value_local
835,202302,202662,338.0,,4,value_local
836,255581,256072,381.0,,4,value_local
837,255581,256069,381.0,,4,value_local
838,255581,256069,381.0,,4,value_local
839,292461,292473,363.0,,4,value_local
840,255597,256072,389.0,,4,value_local
841,292467,292474,364.0,,4,value_local
842,255605,256072,394.0,,4,value_local
843,251515,251603,201.0,,4,value_local
844,251515,251603,201.0,,4,value_local
845,251515,251603,204.0,,4,value_local
846,251515,251603,205.0,,4,value_local
847,251515,251603,206.0,,4,value_local
848,251515,251603,215.0,,4,value_local
849,251515,251603,224.0,,4,value_local
850,251515,251605,210.0,,4,value_local
851,251515,251605,232.0,,4,value_local
852,251515,251605,232.0,,6,control_local
853,251515,251606,213.0,,4,value_local
854,251515,251604,229.0,,4,value_local
855,251515,251604,233.0,,4,value_local
856,198272,199697,521.0,,4,value_local
857,132740,132969,542.0,,4,value_local
858,132740,132969,554.0,,4,value_local
859,132740,132970,543.0,,4,value_local
860,132740,132970,555.0,,4,value_local
861,132740,132971,544.0,,4,value_local
862,132740,132971,547.0,,4,value_local
863,132740,132972,545.0,,4,value_local
864,132740,8809,551.0,,3,data_method
865,198281,199697,528.0,,4,value_local
866,255629,256064,403.0,,4,value_local
867,255629,256065,407.0,,4,value_local
868,255629,255167,426.0,,4,value_local
869,255629,256066,429.0,,4,value_local
870,255629,256066,429.0,,6,control_local
871,71313,71408,142.0,,4,value_local
872,71313,71408,142.0,,6,control_local
873,71313,71408,143.0,,4,value_local
874,71313,71408,143.0,,4,value_local
875,71313,71408,148.0,,4,value_local
876,202393,202772,349.0,,4,value_local
877,202393,202772,349.0,,6,control_local
878,202393,202772,350.0,,4,value_local
879,202393,202772,350.0,,6,control_local
880,202393,202772,356.0,,4,value_local
881,202393,202771,358.0,,4,value_local
882,87712,87799,14.0,,4,value_local
883,292523,292529,384.0,,4,value_local
884,98847,98958,158.0,,4,value_local
885,71343,71408,152.0,,4,value_local
886,71343,71408,152.0,,6,control_local
887,71343,71408,153.0,,4,value_local
888,71343,71407,152.0,,4,value_local
889,71343,71407,152.0,,6,control_local
890,71343,71407,154.0,,4,value_local
891,87739,87800,19.0,,4,value_local
892,132799,132971,559.0,,4,value_local
893,132799,132972,560.0,,4,value_local
894,132799,7720,561.0,,3,data_method
895,132799,132969,561.0,,4,value_local
896,87752,87800,24.0,,4,value_local
897,87752,87800,24.0,,6,control_local
898,87752,87799,25.0,,4,value_local
899,296648,294604,618.0,,4,value_local
900,128714,124032,919.0,,2,call_method
901,128714,124032,919.0,,4,return_method
902,128714,124038,921.0,,3,data_method
903,198348,199700,560.0,,4,value_local
904,198348,199700,560.0,,6,control_local
905,198348,199700,561.0,,4,value_local
906,198348,199700,562.0,,4,value_local
907,251596,251605,237.0,,4,value_local
908,202447,202771,364.0,,4,value_local
909,132818,606,570.0,,3,data_method
910,132818,132969,576.0,,4,value_local
911,132818,132970,576.0,,4,value_local
912,255704,254827,441.0,,4,value_local
913,255704,254829,442.0,,4,value_local
914,255704,254828,443.0,,4,value_local
915,255704,256065,448.0,,4,value_local
916,255704,256066,449.0,,4,value_local
917,255704,256066,449.0,,6,control_local
918,71385,71405,162.0,,4,value_local
919,202463,202771,369.0,,4,value_local
920,132841,132968,583.0,,4,value_local
921,198382,199687,567.0,,4,value_local
922,198382,199688,568.0,,4,value_local
923,198382,199689,570.0,,4,value_local
924,198382,199689,570.0,,6,control_local
925,198382,199685,571.0,,4,value_local
926,198382,199690,574.0,,4,value_local
927,198382,199690,574.0,,6,control_local
928,198382,199686,575.0,,4,value_local
929,202480,202773,374.0,,4,value_local
930,202480,202773,374.0,,6,control_local
931,202480,202773,375.0,,4,value_local
932,202480,202774,377.0,,4,value_local
933,202480,202774,377.0,,6,control_local
934,202480,202662,382.0,,4,value_local
935,202480,202662,382.0,,6,control_local
936,202480,202771,384.0,,4,value_local
937,132860,132972,588.0,,4,value_local
938,132860,132972,588.0,,6,control_local
939,132860,132972,592.0,,4,value_local
940,132860,132971,590.0,,4,value_local
941,1789,130649,205.0,,4,value_local
942,1789,130649,205.0,,6,control_local
943,1789,130649,206.0,,4,value_local
944,1789,130649,211.0,,4,value_local
945,1789,130649,212.0,,4,value_local
946,1789,130649,213.0,,4,value_local
947,1789,130649,217.0,,4,value_local
948,1789,130649,220.0,,4,value_local
949,1789,130649,221.0,,4,value_local
950,1789,130649,221.0,,6,control_local
951,1789,130649,222.0,,4,value_local
952,1789,130649,231.0,,4,value_local
953,1789,130649,231.0,,6,control_local
954,1789,130649,231.0,,4,value_local
955,1789,130649,231.0,,6,control_local
956,1789,130649,232.0,,4,value_local
957,1789,130649,234.0,,4,value_local
958,87830,87842,25.0,,4,value_local
959,214811,215138,67.0,,4,value_local
960,214811,215138,69.0,,4,value_local
961,214811,215138,70.0,,4,value_local
962,251676,251606,350.0,,4,value_local
963,132894,136560,596.0,,2,call_method
964,132894,132968,596.0,,4,value_local
965,89101,89435,78.0,,4,value_local
966,89101,89436,78.0,,4,value_local
967,89101,89439,78.0,,4,value_local
968,89101,89437,79.0,,4,value_local
969,71460,71646,210.0,,4,value_local
970,71460,71646,210.0,,6,control_local
971,71460,71646,223.0,,4,value_local
972,71460,71646,286.0,,4,value_local
973,71460,71646,286.0,,6,control_local
974,71460,71644,217.0,,4,value_local
975,71460,71644,217.0,,6,control_local
976,71460,71644,228.0,,4,value_local
977,71460,71647,244.0,,4,value_local
978,71460,71647,245.0,,4,value_local
979,71460,71647,285.0,,4,value_local
980,71460,71647,285.0,,6,control_local
981,87844,87875,36.0,,4,value_local
982,292646,292659,430.0,,4,value_local
983,132903,132971,598.0,,4,value_local
984,292652,292401,431.0,,4,value_local
985,87859,87874,40.0,,4,value_local
986,87859,87875,40.0,,4,value_local
987,141121,140996,158.0,,4,value_local
988,141121,140996,159.0,,4,value_local
989,141121,140991,159.0,,4,value_local
990,141121,140991,162.0,,4,value_local
991,214850,215140,75.0,,4,value_local
992,214850,215142,77.0,,4,value_local
993,91969,92360,103.0,,4,value_local
994,255817,256072,464.0,,4,value_local
995,255817,256071,466.0,,4,value_local
996,255817,256070,466.0,,4,value_local
997,87882,87892,54.0,,4,value_local
998,132939,132971,613.0,,4,value_local
999,132939,132972,614.0,,4,value_local
1000,202572,202774,391.0,,4,value_local
1001,202572,202773,392.0,,4,value_local
1002,292687,292247,474.0,,2,call_method
1003,292687,292247,474.0,,4,return_method
1004,91992,92360,379.0,,4,value_local
1005,87900,87938,69.0,,4,value_local
1006,87900,87939,73.0,,4,value_local
1007,202589,202773,399.0,,4,value_local
1008,202589,202773,399.0,,6,control_local
1009,202589,202773,401.0,,4,value_local
1010,202589,202773,401.0,,6,control_local
1011,202589,202773,404.0,,4,value_local
1012,202589,202773,404.0,,6,control_local
1013,202589,202773,405.0,,4,value_local
1014,202589,202773,405.0,,6,control_local
1015,202589,202773,406.0,,4,value_local
1016,202589,202773,406.0,,6,control_local
1017,214878,215140,81.0,,4,value_local
1018,214878,215142,82.0,,4,value_local
1019,255836,256072,470.0,,4,value_local
1020,255843,256069,473.0,,4,value_local
1021,255843,255167,474.0,,4,value_local
1022,255843,256064,475.0,,4,value_local
1023,132973,133051,645.0,,3,data_method
1024,214896,215141,89.0,,4,value_local
1025,214896,215141,90.0,,4,value_local
1026,214896,215141,92.0,,4,value_local
1027,214896,215141,95.0,,4,value_local
1028,214896,215141,96.0,,4,value_local
1029,214896,215142,91.0,,4,value_local
1030,214896,215142,92.0,,4,value_local
1031,214896,215138,93.0,,4,value_local
1032,198521,199700,652.0,,4,value_local
1033,198521,199700,661.0,,4,value_local
1034,198521,199700,662.0,,4,value_local
1035,198521,199699,657.0,,4,value_local
1036,96120,96175,31.0,,4,value_local
1037,272252,272380,298.0,,4,value_local
1038,132990,133051,657.0,,3,data_method
1039,96131,96175,37.0,,4,value_local
1040,255882,256070,497.0,,4,value_local
1041,87947,88024,90.0,,4,value_local
1042,87947,88024,90.0,,6,control_local
1043,87947,88024,91.0,,4,value_local
1044,87947,88024,92.0,,4,value_local
1045,87947,88025,91.0,,4,value_local
1046,214938,215141,101.0,,4,value_local
1047,214938,215140,102.0,,4,value_local
1048,214938,215140,102.0,,6,control_local
1049,87971,88024,96.0,,4,value_local
1050,87971,88024,96.0,,6,control_local
1051,87971,88024,98.0,,4,value_local
1052,87971,88025,102.0,,4,value_local
1053,87971,88025,106.0,,4,value_local
1054,87971,88027,104.0,,4,value_local
1055,87971,88026,104.0,,4,value_local
1056,202663,202769,420.0,,4,value_local
1057,202663,202769,432.0,,4,value_local
1058,202663,202773,424.0,,4,value_local
1059,202663,202773,424.0,,6,control_local
1060,202663,202773,425.0,,4,value_local
1061,202663,202773,425.0,,6,control_local
1062,202663,202773,437.0,,4,value_local
1063,202663,202773,441.0,,4,value_local
1064,202663,202662,426.0,,4,value_local
1065,202663,202662,440.0,,4,value_local
1066,202663,202774,438.0,,4,value_local
1067,202663,202774,438.0,,6,control_local
1068,202663,202774,439.0,,4,value_local
1069,71596,71646,309.0,,4,value_local
1070,71596,71644,310.0,,4,value_local
1071,71596,71644,312.0,,4,value_local
1072,71596,71645,311.0,,4,value_local
1073,71596,71645,311.0,,6,control_local
1074,71596,71645,316.0,,4,value_local
1075,71596,71645,318.0,,4,value_local
1076,272306,272380,305.0,,4,value_local
1077,272306,272380,306.0,,4,value_local
1078,133051,239925,717.0,,3,data_method
1079,133051,239925,717.0,,4,return_method
1080,133051,121477,732.0,,3,data_method
1081,133051,121477,732.0,,4,return_method
1082,133051,121477,732.0,,6,control_method
1083,133051,121477,733.0,,3,data_method
1084,133051,121477,733.0,,4,return_method
1085,133051,100462,734.0,,3,data_method
1086,255932,256070,507.0,,4,value_local
1087,1984,130649,266.0,,4,value_local
1088,214978,215009,112.0,,4,value_local
1089,214978,215009,112.0,,6,control_local
1090,214978,215009,116.0,,4,value_local
1091,1992,130649,270.0,,4,value_local
1092,2000,130649,274.0,,4,value_local
1093,96213,96237,67.0,,4,value_local
1094,2011,130649,278.0,,4,value_local
1095,2022,130649,282.0,,4,value_local
1096,2022,130649,282.0,,4,value_local
1097,88034,88428,122.0,,4,value_local
1098,88034,88427,123.0,,4,value_local
1099,88034,88429,124.0,,4,value_local
1100,215018,215079,134.0,,4,value_local
1101,215018,215077,136.0,,4,value_local
1102,215018,215077,139.0,,4,value_local
1103,215018,215078,137.0,,4,value_local
1104,255979,256070,516.0,,4,value_local
1105,255979,256071,518.0,,4,value_local
1106,255979,256071,519.0,,4,value_local
1107,2036,130649,286.0,,4,value_local
1108,2036,130649,286.0,,4,value_local
1109,88053,88430,129.0,,4,value_local
1110,88053,88430,132.0,,4,value_local
1111,88053,88429,130.0,,4,value_local
1112,88053,88429,132.0,,4,value_local
1113,88053,88427,130.0,,4,value_local
1114,88053,88427,131.0,,4,value_local
1115,137207,137347,277.0,,4,value_local
1116,137207,137352,279.0,,4,value_local
1117,137207,137352,286.0,,4,value_local
1118,137207,137352,287.0,,4,value_local
1119,137207,131147,286.0,,4,value_local
1120,96247,96276,117.0,,4,value_local
1121,2053,130202,291.0,,4,value_local
1122,2053,130202,292.0,,4,value_local
1123,2053,130202,292.0,,6,control_local
1124,2053,130201,291.0,,4,value_local
1125,2053,130201,293.0,,4,value_local
1126,2053,130201,293.0,,6,control_local
1127,2053,130201,294.0,,4,value_local
1128,71697,71937,363.0,,4,value_local
1129,71697,71937,363.0,,6,control_local
1130,71697,71937,402.0,,4,value_local
1131,71697,71937,447.0,,4,value_local
1132,71697,71937,447.0,,6,control_local
1133,71697,71936,401.0,,4,value_local
1134,71697,71938,414.0,,4,value_local
1135,71697,71938,415.0,,4,value_local
1136,71697,71938,445.0,,4,value_local
1137,71697,71938,445.0,,6,control_local
1138,92178,92223,74.0,,4,value_local
1139,92178,92223,74.0,,6,control_local
1140,92178,92058,75.0,,4,value_local
1141,92178,92060,78.0,,4,value_local
1142,92178,92059,81.0,,4,value_local
1143,92178,92224,83.0,,4,value_local
1144,92178,92225,84.0,,4,value_local
1145,137243,137347,292.0,,4,value_local
1146,137243,137352,294.0,,4,value_local
1147,137243,137352,295.0,,4,value_local
1148,137243,137352,295.0,,6,control_local
1149,256030,256038,525.0,,4,value_local
1150,202786,202662,470.0,,4,value_local
1151,6179,6116,136.0,,4,value_local
1152,6179,6116,139.0,,4,value_local
1153,6179,6112,138.0,,4,value_local
1154,88100,88428,138.0,,4,value_local
1155,88100,88428,138.0,,6,control_local
1156,88100,88428,158.0,,4,value_local
1157,88100,88426,142.0,,4,value_local
1158,88100,88426,142.0,,6,control_local
1159,88100,88429,161.0,,4,value_local
1160,88100,88427,161.0,,4,value_local
1161,256039,256068,531.0,,4,value_local
1162,256039,256068,531.0,,6,control_local
1163,215080,215141,150.0,,4,value_local
1164,215080,215139,151.0,,4,value_local
1165,256050,256068,537.0,,4,value_local
1166,256050,256068,538.0,,4,value_local
1167,256050,256068,538.0,,6,control_local
1168,112705,121438,1927.0,,3,data_method
1169,112705,121438,1931.0,,3,data_method
1170,112705,121438,1931.0,,3,data_method
1171,112705,121438,1931.0,,3,data_method
1172,112705,121084,1927.0,,3,data_method
1173,112705,121084,1939.0,,3,data_method
1174,112705,110355,1934.0,,3,data_method
1175,112705,110355,1934.0,,4,return_method
1176,215107,215143,160.0,,4,value_local
1177,137284,137347,302.0,,4,value_local
1178,137284,137352,304.0,,4,value_local
1179,137284,137352,305.0,,4,value_local
1180,137284,137352,305.0,,6,control_local
1181,137284,137352,310.0,,4,value_local
1182,92227,92360,101.0,,4,value_local
1183,133205,133199,757.0,,3,data_method
1184,133205,133199,757.0,,4,return_method
1185,133205,131156,758.0,,3,data_method
1186,92248,92363,114.0,,4,value_local
1187,92248,92362,115.0,,4,value_local
1188,92248,92362,116.0,,4,value_local
1189,92248,92360,118.0,,4,value_local
1190,92248,92364,119.0,,4,value_local
1191,2150,130201,321.0,,4,value_local
1192,133225,121438,765.0,,3,data_method
1193,133225,6133,767.0,,3,data_method
1194,198763,199684,677.0,,4,value_local
1195,2159,130201,325.0,,4,value_local
1196,92289,92363,124.0,,4,value_local
1197,92289,92362,125.0,,4,value_local
1198,92289,92362,125.0,,6,control_local
1199,92289,92364,126.0,,4,value_local
1200,92307,92361,131.0,,4,value_local
1201,6295,6125,166.0,,4,value_local
1202,6295,6125,166.0,,6,control_local
1203,6295,6125,167.0,,4,value_local
1204,6295,6125,168.0,,4,value_local
1205,6295,6125,168.0,,4,value_local
1206,133273,121438,776.0,,3,data_method
1207,133273,6156,778.0,,3,data_method
1208,92315,92359,135.0,,4,value_local
1209,92325,92363,142.0,,4,value_local
1210,92325,92362,144.0,,4,value_local
1211,88229,88428,168.0,,4,value_local
1212,88229,88430,169.0,,4,value_local
1213,92340,92361,149.0,,4,value_local
1214,92340,92361,149.0,,6,control_local
1215,92340,92361,152.0,,4,value_local
1216,133321,133404,788.0,,4,value_local
1217,133321,6133,788.0,,3,data_method
1218,133321,6133,788.0,,4,return_method
1219,207051,207244,34.0,,4,value_local
1220,71892,71937,470.0,,4,value_local
1221,71892,71936,472.0,,4,value_local
1222,71892,71936,472.0,,6,control_local
1223,71892,71936,474.0,,4,value_local
1224,71892,71936,476.0,,4,value_local
1225,198873,199694,712.0,,4,value_local
1226,198873,199693,713.0,,4,value_local
1227,92378,92426,170.0,,4,value_local
1228,92378,92425,171.0,,4,value_local
1229,133343,6156,793.0,,3,data_method
1230,133343,133404,793.0,,4,value_local
1231,133343,133408,794.0,,3,data_method
1232,133343,133413,794.0,,4,value_local
1233,133343,136560,798.0,,2,call_method
1234,133343,133405,798.0,,4,value_local
1235,92388,92426,177.0,,4,value_local
1236,92388,92425,178.0,,4,value_local
1237,92388,92425,178.0,,6,control_local
1238,92388,92425,179.0,,4,value_local
1239,133373,133413,806.0,,4,value_local
1240,133373,133406,807.0,,4,value_local
1241,133373,133407,807.0,,4,value_local
1242,92414,92426,183.0,,4,value_local
1243,92414,92425,184.0,,4,value_local
1244,198917,199699,722.0,,4,value_local
1245,198917,199699,722.0,,6,control_local
1246,198917,199699,727.0,,4,value_local
1247,121104,121181,20.0,,4,value_local
1248,121104,121181,23.0,,4,value_local
1249,121104,121180,21.0,,4,value_local
1250,121104,121180,22.0,,4,value_local
1251,121104,121180,22.0,,6,control_local
1252,121104,121180,23.0,,4,value_local
1253,92434,92452,197.0,,4,value_local
1254,92434,92453,197.0,,4,value_local
1255,92434,92059,197.0,,4,value_local
1256,207145,207271,70.0,,4,value_local
1257,121132,121181,29.0,,4,value_local
1258,121132,121181,29.0,,6,control_local
1259,121132,121181,30.0,,4,value_local
1260,121132,121181,33.0,,4,value_local
1261,121132,121181,33.0,,4,value_local
1262,121132,121181,35.0,,4,value_local
1263,121132,121180,30.0,,4,value_local
1264,121132,121180,30.0,,4,value_local
1265,121132,121180,32.0,,4,value_local
1266,121132,121180,32.0,,6,control_local
1267,121132,121180,33.0,,4,value_local
1268,121132,121180,36.0,,4,value_local
1269,198964,199695,735.0,,4,value_local
1270,133433,121438,824.0,,3,data_method
1271,133433,121084,831.0,,3,data_method
1272,198988,199701,745.0,,4,value_local
1273,198988,199701,745.0,,6,control_local
1274,198988,199701,747.0,,4,value_local
1275,198988,199701,749.0,,4,value_local
1276,198988,199701,749.0,,6,control_local
1277,198988,199701,750.0,,4,value_local
1278,198988,199701,752.0,,4,value_local
1279,198988,198987,750.0,,4,value_local
1280,198988,198987,752.0,,4,value_local
1281,92499,92509,225.0,,4,value_local
1282,207201,207244,95.0,,4,value_local
1283,121193,121084,59.0,,3,data_method
1284,207217,207244,110.0,,4,value_local
1285,207217,207244,111.0,,4,value_local
1286,207217,207244,111.0,,6,control_local
1287,121201,121367,63.0,,4,value_local
1288,199032,199693,790.0,,4,value_local
1289,199032,199693,795.0,,4,value_local
1290,199032,199694,791.0,,4,value_local
1291,199032,199694,796.0,,4,value_local
1292,121213,121375,66.0,,4,value_local
1293,121219,121375,68.0,,4,value_local
1294,121219,121375,68.0,,6,control_local
1295,121219,121344,68.0,,2,call_method
1296,133507,121438,844.0,,3,data_method
1297,133507,121438,845.0,,3,data_method
1298,133507,121084,844.0,,3,data_method
1299,133507,121084,850.0,,3,data_method
1300,133507,121487,847.0,,3,data_method
1301,133507,121487,847.0,,4,return_method
1302,133507,131764,848.0,,3,data_method
1303,207245,207244,121.0,,4,value_local
1304,207245,207271,122.0,,4,value_local
1305,92575,92058,270.0,,4,value_local
1306,293283,293354,689.0,,4,value_local
1307,293283,293354,689.0,,6,control_local
1308,293283,293351,689.0,,4,value_local
1309,293283,293351,689.0,,6,control_local
1310,293283,293351,691.0,,4,value_local
1311,293283,293355,689.0,,4,value_local
1312,293283,293355,689.0,,6,control_local
1313,293283,293355,691.0,,4,value_local
1314,293283,293355,691.0,,4,value_local
1315,293283,293355,691.0,,4,value_local
1316,293283,293352,691.0,,4,value_local
1317,293283,293353,691.0,,4,value_local
1318,121256,121366,82.0,,4,value_local
1319,121256,121230,82.0,,2,call_method
1320,92597,92060,276.0,,4,value_local
1321,121270,121373,90.0,,4,value_local
1322,121270,121373,94.0,,4,value_local
1323,121270,121374,91.0,,4,value_local
1324,121270,121374,95.0,,4,value_local
1325,121270,121084,92.0,,3,data_method
1326,121270,121368,96.0,,4,value_local
1327,121270,121368,96.0,,6,control_local
1328,121270,121368,97.0,,4,value_local
1329,121270,121368,98.0,,4,value_local
1330,121270,121366,97.0,,4,value_local
1331,88504,88520,42.0,,4,value_local
1332,72123,72207,585.0,,4,value_local
1333,72123,72207,585.0,,6,control_local
1334,72123,72207,590.0,,4,value_local
1335,137668,131152,565.0,,4,value_local
1336,137668,131152,565.0,,6,control_local
1337,137668,131147,568.0,,4,value_local
1338,293324,293351,696.0,,4,value_local
1339,293324,293355,696.0,,4,value_local
1340,293324,293355,697.0,,4,value_local
1341,293324,293355,698.0,,4,value_local
1342,293324,293355,699.0,,4,value_local
1343,293324,293352,697.0,,4,value_local
1344,293324,293353,698.0,,4,value_local
1345,293324,293354,699.0,,4,value_local
1346,88528,88559,56.0,,4,value_local
1347,88528,88558,56.0,,4,value_local
1348,199128,199693,803.0,,4,value_local
1349,199128,199693,834.0,,4,value_local
1350,199128,199694,804.0,,4,value_local
1351,199128,199694,835.0,,4,value_local
1352,199128,199692,805.0,,4,value_local
1353,199128,199692,838.0,,4,value_local
1354,199128,199692,838.0,,6,control_local
1355,199128,199684,810.0,,4,value_local
1356,199128,199684,819.0,,4,value_local
1357,199128,199684,824.0,,4,value_local
1358,199128,199684,831.0,,4,value_local
1359,199128,199684,845.0,,4,value_local
1360,199128,199684,845.0,,6,control_local
1361,199128,199684,852.0,,4,value_local
1362,199128,199696,829.0,,4,value_local
1363,199128,199696,829.0,,6,control_local
1364,199128,199696,830.0,,4,value_local
1365,88537,88559,61.0,,4,value_local
1366,88537,88558,61.0,,4,value_local
1367,133594,130430,872.0,,3,data_method
1368,121314,121366,104.0,,4,value_local
1369,121324,121371,113.0,,4,value_local
1370,121334,121371,119.0,,4,value_local
1371,121344,121162,128.0,,3,data_method
1372,121344,121162,129.0,,3,data_method
1373,121344,121370,128.0,,4,value_local
1374,121344,121369,129.0,,4,value_local
1375,6208,6112,144.0,,4,value_local
1376,6208,6115,145.0,,4,value_local
1377,6208,6113,146.0,,4,value_local
1378,6208,6114,146.0,,4,value_local
1379,72215,72356,621.0,,4,value_local
1380,72215,72357,621.0,,4,value_local
1381,72215,72355,621.0,,4,value_local
1382,133668,121438,883.0,,3,data_method
1383,133668,121084,890.0,,3,data_method
1384,137766,131152,611.0,,4,value_local
1385,137766,131150,612.0,,4,value_local
1386,137766,131151,613.0,,4,value_local
1387,137766,131151,616.0,,4,value_local
1388,137766,131153,616.0,,4,value_local
1389,88645,88949,95.0,,4,value_local
1390,72263,72356,646.0,,4,value_local
1391,72263,72356,649.0,,4,value_local
1392,72263,72356,655.0,,4,value_local
1393,72263,72356,655.0,,4,value_local
1394,72263,72357,649.0,,4,value_local
1395,72263,72357,655.0,,4,value_local
1396,72263,72357,662.0,,4,value_local
1397,88662,88947,100.0,,4,value_local
1398,88662,88948,104.0,,4,value_local
1399,88662,88948,104.0,,6,control_local
1400,88662,88948,107.0,,4,value_local
1401,88662,88948,109.0,,4,value_local
1402,88662,88949,106.0,,4,value_local
1403,133722,121438,898.0,,3,data_method
1404,133722,121084,906.0,,3,data_method
1405,72327,72357,665.0,,4,value_local
1406,88713,88948,114.0,,4,value_local
1407,72339,72355,671.0,,4,value_local
1408,133780,121438,914.0,,3,data_method
1409,133780,121438,915.0,,3,data_method
1410,133780,121438,923.0,,3,data_method
1411,133780,121438,923.0,,3,data_method
1412,133780,121438,931.0,,3,data_method
1413,133780,121438,931.0,,3,data_method
1414,133780,121084,941.0,,3,data_method
1415,88726,88949,119.0,,4,value_local
1416,289437,290453,59.0,,4,value_local
1417,72360,72481,692.0,,4,value_local
1418,289457,290434,99.0,,4,value_local
1419,293561,293960,118.0,,4,value_local
1420,72387,72481,702.0,,4,value_local
1421,121540,121563,326.0,,4,value_local
1422,293576,293960,123.0,,4,value_local
1423,121546,121564,327.0,,4,value_local
1424,121552,121565,328.0,,4,value_local
1425,72402,72481,707.0,,4,value_local
1426,293588,293960,128.0,,4,value_local
1427,289493,289539,18.0,,4,value_local
1428,92892,92359,373.0,,4,value_local
1429,92892,92359,374.0,,4,value_local
1430,92892,92360,375.0,,4,value_local
1431,293602,293960,133.0,,4,value_local
1432,273123,273463,124.0,,4,value_local
1433,121572,121589,345.0,,4,value_local
1434,121572,121589,345.0,,4,value_local
1435,289511,289539,24.0,,4,value_local
1436,289511,289539,24.0,,6,control_local
1437,289511,289539,25.0,,4,value_local
1438,289511,289538,27.0,,4,value_local
1439,219884,219253,81.0,,3,data_method
1440,219884,219253,81.0,,4,return_method
1441,293612,293960,138.0,,4,value_local
1442,293624,293960,143.0,,4,value_local
1443,293624,293961,144.0,,4,value_local
1444,72440,72481,719.0,,4,value_local
1445,199422,199690,884.0,,4,value_local
1446,199422,199690,884.0,,6,control_local
1447,199422,199690,889.0,,4,value_local
1448,199422,199685,885.0,,4,value_local
1449,199422,199686,886.0,,4,value_local
1450,72449,72481,727.0,,4,value_local
1451,293637,293960,149.0,,4,value_local
1452,293637,293961,150.0,,4,value_local
1453,72458,72481,731.0,,4,value_local
1454,293650,293960,155.0,,4,value_local
1455,72470,72481,734.0,,4,value_local
1456,293663,293960,160.0,,4,value_local
1457,121634,121645,387.0,,4,value_local
1458,138019,131151,690.0,,4,value_local
1459,138019,131151,690.0,,6,control_local
1460,138019,131151,691.0,,4,value_local
1461,138019,131153,692.0,,4,value_local
1462,289576,290450,53.0,,4,value_local
1463,289576,290434,55.0,,4,value_local
1464,289576,290434,56.0,,4,value_local
1465,289576,290453,57.0,,4,value_local
1466,289576,290453,62.0,,4,value_local
1467,293673,293960,165.0,,4,value_local
1468,293685,293960,170.0,,4,value_local
1469,293693,293960,175.0,,4,value_local
1470,199488,199692,913.0,,4,value_local
1471,199488,199687,915.0,,4,value_local
1472,199488,199691,916.0,,4,value_local
1473,289603,290451,66.0,,4,value_local
1474,289603,290454,67.0,,4,value_local
1475,289603,290454,67.0,,6,control_local
1476,289603,290454,68.0,,4,value_local
1477,289603,290454,70.0,,4,value_local
1478,289603,290434,69.0,,4,value_local
1479,289603,290452,72.0,,4,value_local
1480,97092,97306,384.0,,4,value_local
1481,97092,97306,384.0,,6,control_local
1482,293725,293960,191.0,,4,value_local
1483,293725,293961,192.0,,4,value_local
1484,293735,293960,196.0,,4,value_local
1485,293735,293961,197.0,,4,value_local
1486,80744,80546,157.0,,4,value_local
1487,80744,80544,159.0,,4,value_local
1488,80744,80544,164.0,,4,value_local
1489,80744,80544,174.0,,4,value_local
1490,289641,290448,76.0,,4,value_local
1491,289641,290449,77.0,,4,value_local
1492,289641,290453,81.0,,4,value_local
1493,289641,290434,82.0,,4,value_local
1494,289641,290434,83.0,,4,value_local
1495,101232,101156,68.0,,4,value_local
1496,101232,101156,68.0,,6,control_local
1497,101232,101156,69.0,,4,value_local
1498,101232,101156,69.0,,4,value_local
1499,101232,101156,69.0,,4,value_local
1500,101232,121438,69.0,,3,data_method
1501,101232,121438,69.0,,3,data_method
1502,101232,121438,69.0,,3,data_method
1503,293745,293961,201.0,,4,value_local
1504,293745,293961,201.0,,6,control_local
1505,293745,293961,202.0,,4,value_local
1506,93050,93106,76.0,,4,value_local
1507,93050,93106,78.0,,4,value_local
1508,93050,93107,83.0,,4,value_local
1509,293760,293960,210.0,,4,value_local
1510,293760,293960,211.0,,4,value_local
1511,293760,293960,212.0,,4,value_local
1512,97153,97306,408.0,,4,value_local
1513,289667,290435,87.0,,4,value_local
1514,289667,290435,87.0,,6,control_local
1515,289667,290435,101.0,,4,value_local
1516,289667,291344,91.0,,4,value_local
1517,289667,290434,91.0,,4,value_local
1518,289667,290450,92.0,,4,value_local
1519,289667,290433,97.0,,4,value_local
1520,134028,121438,947.0,,3,data_method
1521,134028,121084,954.0,,3,data_method
1522,293775,293962,216.0,,4,value_local
1523,293775,293962,218.0,,4,value_local
1524,293775,293960,217.0,,4,value_local
1525,88976,89023,24.0,,4,value_local
1526,88976,89024,24.0,,4,value_local
1527,88976,89025,24.0,,4,value_local
1528,199569,199684,922.0,,4,value_local
1529,199569,199684,925.0,,4,value_local
1530,199569,199684,928.0,,4,value_local
1531,199569,199684,931.0,,4,value_local
1532,199569,199756,922.0,,4,value_local
1533,199569,199697,934.0,,4,value_local
1534,199569,199687,935.0,,4,value_local
1535,199569,199688,936.0,,4,value_local
1536,199569,199689,937.0,,4,value_local
1537,199569,199690,938.0,,4,value_local
1538,199569,199691,939.0,,4,value_local
1539,199569,199692,940.0,,4,value_local
1540,199569,199695,941.0,,4,value_local
1541,199569,199698,942.0,,4,value_local
1542,97169,96274,420.0,,4,value_local
1543,97169,97304,422.0,,4,value_local
1544,273300,273463,93.0,,4,value_local
1545,72604,72682,817.0,,4,value_local
1546,72604,72682,823.0,,4,value_local
1547,72604,72683,818.0,,4,value_local
1548,72604,72683,820.0,,4,value_local
1549,72604,72683,824.0,,4,value_local
1550,72604,73129,826.0,,4,value_local
1551,72604,72680,826.0,,4,value_local
1552,72604,72681,826.0,,4,value_local
1553,289701,290367,113.0,,4,value_local
1554,289701,290367,113.0,,6,control_local
1555,289701,290448,115.0,,4,value_local
1556,289701,290448,116.0,,4,value_local
1557,289701,290448,124.0,,4,value_local
1558,289701,290439,115.0,,4,value_local
1559,289701,290439,116.0,,4,value_local
1560,289701,290450,120.0,,4,value_local
1561,289701,290437,121.0,,4,value_local
1562,289701,290449,123.0,,4,value_local
1563,289701,290451,127.0,,4,value_local
1564,289701,290454,128.0,,4,value_local
1565,289701,290454,130.0,,4,value_local
1566,289701,290454,130.0,,6,control_local
1567,289701,290453,129.0,,4,value_local
1568,273319,273464,98.0,,4,value_local
1569,273319,273464,98.0,,6,control_local
1570,273319,273464,100.0,,4,value_local
1571,273319,273463,99.0,,4,value_local
1572,97203,97305,427.0,,4,value_local
1573,93108,93378,97.0,,4,value_local
1574,134075,121438,964.0,,3,data_method
1575,134075,121438,965.0,,3,data_method
1576,134075,121438,967.0,,3,data_method
1577,134075,121438,973.0,,3,data_method
1578,134075,121438,973.0,,3,data_method
1579,134075,121438,976.0,,3,data_method
1580,134075,121438,976.0,,3,data_method
1581,134075,121438,999.0,,3,data_method
1582,134075,121438,1008.0,,3,data_method
1583,134075,121084,964.0,,3,data_method
1584,134075,831,981.0,,3,data_method
1585,134075,831,981.0,,4,return_method
1586,273339,273463,122.0,,4,value_local
1587,273339,273464,134.0,,4,value_local
1588,273339,273464,135.0,,4,value_local
1589,89026,89375,41.0,,4,value_local
1590,89026,89375,41.0,,6,control_local
1591,89026,89375,42.0,,4,value_local
1592,89026,89373,42.0,,4,value_local
1593,89026,89374,42.0,,4,value_local
1594,97228,97304,436.0,,4,value_local
1595,72659,72683,829.0,,4,value_local
1596,72659,72682,829.0,,4,value_local
1597,93139,93379,102.0,,4,value_local
1598,199638,199697,947.0,,4,value_local
1599,199638,199697,948.0,,4,value_local
1600,199638,199697,948.0,,6,control_local
1601,199638,199698,948.0,,4,value_local
1602,199638,199698,948.0,,6,control_local
1603,199638,199684,949.0,,4,value_local
1604,72673,73129,833.0,,4,value_local
1605,89058,89074,50.0,,4,value_local
1606,199659,199696,957.0,,4,value_local
1607,199659,199696,957.0,,6,control_local
1608,199659,199696,961.0,,4,value_local
1609,199659,199684,962.0,,4,value_local
1610,72684,72681,847.0,,4,value_local
1611,72684,72681,848.0,,4,value_local
1612,89084,89437,71.0,,4,value_local
1613,89084,89435,72.0,,4,value_local
1614,138246,136924,710.0,,2,call_method
1615,138246,136928,710.0,,2,call_method
1616,138246,136932,710.0,,2,call_method
1617,138246,136936,710.0,,2,call_method
1618,138246,136940,710.0,,2,call_method
1619,138246,136944,710.0,,2,call_method
1620,138246,136948,710.0,,2,call_method
1621,138246,136952,710.0,,2,call_method
1622,138246,136956,710.0,,2,call_method
1623,138246,136960,710.0,,2,call_method
1624,138246,136964,710.0,,2,call_method
1625,138246,136968,710.0,,2,call_method
1626,138246,136972,710.0,,2,call_method
1627,138246,136976,710.0,,2,call_method
1628,138246,136980,710.0,,2,call_method
1629,138246,136984,710.0,,2,call_method
1630,138246,136988,710.0,,2,call_method
1631,138246,136992,710.0,,2,call_method
1632,138246,136996,710.0,,2,call_method
1633,138246,137000,710.0,,2,call_method
1634,138246,137004,710.0,,2,call_method
1635,138246,137008,710.0,,2,call_method
1636,138246,137012,710.0,,2,call_method
1637,138246,137016,710.0,,2,call_method
1638,138246,137020,710.0,,2,call_method
1639,138246,137024,710.0,,2,call_method
1640,138246,137028,710.0,,2,call_method
1641,138246,137032,710.0,,2,call_method
1642,138246,137036,710.0,,2,call_method
1643,138246,137040,710.0,,2,call_method
1644,138246,137044,710.0,,2,call_method
1645,138246,137048,710.0,,2,call_method
1646,138246,137052,710.0,,2,call_method
1647,138246,137056,710.0,,2,call_method
1648,138246,137060,710.0,,2,call_method
1649,138246,137064,710.0,,2,call_method
1650,138246,137068,710.0,,2,call_method
1651,138246,137072,710.0,,2,call_method
1652,138246,137076,710.0,,2,call_method
1653,138246,137080,710.0,,2,call_method
1654,138246,137084,710.0,,2,call_method
1655,138246,137088,710.0,,2,call_method
1656,138246,137092,710.0,,2,call_method
1657,138246,137096,710.0,,2,call_method
1658,138246,137100,710.0,,2,call_method
1659,138246,137104,710.0,,2,call_method
1660,138246,137108,710.0,,2,call_method
1661,138246,137112,710.0,,2,call_method
1662,138246,137116,710.0,,2,call_method
1663,138246,137120,710.0,,2,call_method
1664,138246,137124,710.0,,2,call_method
1665,138246,137128,710.0,,2,call_method
1666,138246,137132,710.0,,2,call_method
1667,138246,137136,710.0,,2,call_method
1668,138246,137140,710.0,,2,call_method
1669,273418,273464,147.0,,4,value_local
1670,273418,273464,147.0,,6,control_local
1671,273418,273464,148.0,,4,value_local
1672,273418,273463,149.0,,4,value_local
1673,273418,273463,152.0,,4,value_local
1674,101393,101159,88.0,,4,value_local
1675,101393,101159,88.0,,6,control_local
1676,101393,101160,88.0,,4,value_local
1677,101393,101160,88.0,,6,control_local
1678,101393,101162,89.0,,4,value_local
1679,101393,101162,89.0,,6,control_local
1680,101393,101162,93.0,,4,value_local
1681,101393,101162,93.0,,6,control_local
1682,101393,101162,96.0,,4,value_local
1683,101393,101162,96.0,,6,control_local
1684,199704,199684,1001.0,,4,value_local
1685,80921,80546,223.0,,4,value_local
1686,289821,290439,138.0,,4,value_local
1687,289829,290435,142.0,,4,value_local
1688,289829,290435,142.0,,6,control_local
1689,289829,290435,148.0,,4,value_local
1690,289829,290450,146.0,,4,value_local
1691,289829,290450,147.0,,4,value_local
1692,289829,290433,151.0,,4,value_local
1693,89125,89437,85.0,,4,value_local
1694,72743,72680,872.0,,4,value_local
1695,72743,72682,883.0,,4,value_local
1696,72743,72682,884.0,,4,value_local
1697,72743,72683,884.0,,4,value_local
1698,97323,97869,488.0,,4,value_local
1699,97323,97870,488.0,,4,value_local
1700,97323,97870,489.0,,4,value_local
1701,97323,97870,490.0,,4,value_local
1702,97323,97870,491.0,,4,value_local
1703,97323,97870,492.0,,4,value_local
1704,97323,97870,493.0,,4,value_local
1705,89142,89488,89.0,,4,value_local
1706,289853,290439,155.0,,4,value_local
1707,289853,290439,155.0,,6,control_local
1708,289853,290451,157.0,,4,value_local
1709,289853,290454,158.0,,4,value_local
1710,289853,290449,158.0,,4,value_local
1711,289853,290449,161.0,,4,value_local
1712,289853,290450,160.0,,4,value_local
1713,289853,290448,162.0,,4,value_local
1714,89152,89375,95.0,,4,value_local
1715,89152,89375,95.0,,6,control_local
1716,89152,89488,97.0,,4,value_local
1717,89152,89489,98.0,,4,value_local
1718,89152,89489,98.0,,6,control_local
1719,93265,93378,129.0,,4,value_local
1720,89184,89490,105.0,,4,value_local
1721,89184,89487,107.0,,4,value_local
1722,199779,199699,1017.0,,4,value_local
1723,199779,199699,1017.0,,6,control_local
1724,199779,199699,1017.0,,4,value_local
1725,199779,199699,1017.0,,6,control_local
1726,199779,199699,1027.0,,4,value_local
1727,199779,199699,1027.0,,4,value_local
1728,289895,290450,169.0,,4,value_local
1729,289895,290439,170.0,,4,value_local
1730,289895,290448,171.0,,4,value_local
1731,93298,93378,145.0,,4,value_local
1732,93298,93378,145.0,,6,control_local
1733,93298,93378,146.0,,4,value_local
1734,89213,89489,111.0,,4,value_local
1735,89213,89490,112.0,,4,value_local
1736,101501,101522,130.0,,4,value_local
1737,101507,101522,133.0,,4,value_local
1738,101507,101521,134.0,,4,value_local
1739,7307,7186,238.0,,4,value_local
1740,7307,7187,239.0,,4,value_local
1741,7307,7187,245.0,,4,value_local
1742,7307,7188,240.0,,4,value_local
1743,7307,7188,244.0,,4,value_local
1744,7307,7189,242.0,,4,value_local
1745,289932,290450,175.0,,4,value_local
1746,289932,290439,176.0,,4,value_local
1747,289932,290448,177.0,,4,value_local
1748,89228,89491,117.0,,4,value_local
1749,89228,89489,118.0,,4,value_local
1750,89228,89489,119.0,,4,value_local
1751,89228,89488,120.0,,4,value_local
1752,89228,89488,120.0,,6,control_local
1753,72845,73130,890.0,,4,value_local
1754,72845,73130,891.0,,4,value_local
1755,72865,73130,895.0,,4,value_local
1756,72865,73130,897.0,,4,value_local
1757,93348,93379,152.0,,4,value_local
1758,93348,93378,154.0,,4,value_local
1759,72884,73129,901.0,,4,value_local
1760,101559,121438,166.0,,3,data_method
1761,101559,121438,167.0,,3,data_method
1762,101559,121438,185.0,,3,data_method
1763,101559,121438,187.0,,3,data_method
1764,101559,121084,166.0,,3,data_method
1765,101559,121487,179.0,,3,data_method
1766,101559,121487,179.0,,4,return_method
1767,101559,121487,181.0,,3,data_method
1768,101559,121487,181.0,,4,return_method
1769,199865,197561,1045.0,,4,value_local
1770,199865,197561,1046.0,,4,value_local
1771,199865,197561,1046.0,,6,control_local
1772,89274,89490,129.0,,4,value_local
1773,97469,97869,534.0,,4,value_local
1774,97469,97869,538.0,,4,value_local
1775,97469,97871,546.0,,4,value_local
1776,97469,97321,548.0,,4,value_local
1777,97469,97321,548.0,,6,control_local
1778,97469,97319,548.0,,4,value_local
1779,97469,97319,548.0,,6,control_local
1780,72895,73129,906.0,,4,value_local
1781,72895,73134,908.0,,4,value_local
1782,72895,73134,908.0,,6,control_local
1783,72895,73132,911.0,,4,value_local
1784,72895,73132,941.0,,4,value_local
1785,72895,73132,941.0,,6,control_local
1786,72895,73133,915.0,,4,value_local
1787,72895,73133,942.0,,4,value_local
1788,72895,73131,918.0,,4,value_local
1789,72895,73131,918.0,,6,control_local
1790,72895,73130,918.0,,4,value_local
1791,72895,73130,918.0,,6,control_local
1792,72895,73130,943.0,,4,value_local
1793,72895,73130,943.0,,6,control_local
1794,72895,73130,943.0,,4,value_local
1795,138433,1469,341.0,,4,value_local
1796,289987,290448,186.0,,4,value_local
1797,289987,290448,186.0,,6,control_local
1798,289987,290448,189.0,,4,value_local
1799,289987,290448,189.0,,6,control_local
1800,298187,297480,335.0,,4,value_local
1801,89295,89363,135.0,,4,value_local
1802,89295,89364,135.0,,4,value_local
1803,89306,89363,139.0,,4,value_local
1804,89306,89364,139.0,,4,value_local
1805,290019,290448,197.0,,4,value_local
1806,290019,290448,197.0,,6,control_local
1807,290044,290449,206.0,,4,value_local
1808,290044,290449,206.0,,6,control_local
1809,199939,197561,1062.0,,4,value_local
1810,199939,197561,1063.0,,4,value_local
1811,199939,197561,1063.0,,6,control_local
1812,290059,290455,211.0,,4,value_local
1813,290059,290456,212.0,,4,value_local
1814,134426,121438,1015.0,,3,data_method
1815,134426,121438,1016.0,,3,data_method
1816,134426,121438,1020.0,,3,data_method
1817,134426,121438,1030.0,,3,data_method
1818,134426,121084,1015.0,,3,data_method
1819,134426,141374,1018.0,,3,data_method
1820,134426,141374,1018.0,,4,return_method
1821,134426,121477,1024.0,,3,data_method
1822,134426,121477,1024.0,,4,return_method
1823,134426,141278,1027.0,,3,data_method
1824,134426,141278,1027.0,,4,return_method
1825,290076,290455,217.0,,4,value_local
1826,290076,290456,218.0,,4,value_local
1827,290076,290456,218.0,,6,control_local
1828,290076,290449,222.0,,4,value_local
1829,290076,290449,222.0,,6,control_local
1830,89390,89437,65.0,,4,value_local
1831,89390,89438,65.0,,4,value_local
1832,3381,3355,224.0,,3,data_method
1833,290103,292241,245.0,,2,call_method
1834,290103,292241,245.0,,4,return_method
1835,88598,88946,85.0,,4,value_local
1836,88598,88946,90.0,,4,value_local
1837,88598,88947,87.0,,4,value_local
1838,88598,88949,89.0,,4,value_local
1839,89417,89438,70.0,,4,value_local
1840,89423,89436,72.0,,4,value_local
1841,200020,197562,1081.0,,4,value_local
1842,200020,197562,1082.0,,4,value_local
1843,200020,197562,1082.0,,6,control_local
1844,73045,73134,952.0,,4,value_local
1845,73045,73134,952.0,,6,control_local
1846,73045,73130,952.0,,4,value_local
1847,73045,73130,952.0,,6,control_local
1848,73045,73130,957.0,,4,value_local
1849,73045,73130,957.0,,6,control_local
1850,73045,73130,966.0,,4,value_local
1851,73045,73131,957.0,,4,value_local
1852,73045,73131,957.0,,6,control_local
1853,73045,73132,963.0,,4,value_local
1854,73045,73133,964.0,,4,value_local
1855,73045,73133,964.0,,6,control_local
1856,73045,73133,965.0,,4,value_local
1857,97625,97868,580.0,,4,value_local
1858,97625,97873,581.0,,4,value_local
1859,97625,97872,581.0,,4,value_local
1860,101744,121438,196.0,,3,data_method
1861,101744,121438,197.0,,3,data_method
1862,101744,121438,199.0,,3,data_method
1863,101744,121438,205.0,,3,data_method
1864,101744,121438,210.0,,3,data_method
1865,101744,121438,229.0,,3,data_method
1866,101744,121084,196.0,,3,data_method
1867,101744,121487,204.0,,3,data_method
1868,101744,121487,204.0,,4,return_method
1869,101744,121592,221.0,,4,value_local
1870,101744,121592,221.0,,6,control_local
1871,97656,97868,587.0,,4,value_local
1872,97656,97868,587.0,,6,control_local
1873,97656,97868,588.0,,4,value_local
1874,97656,97872,589.0,,4,value_local
1875,97656,97872,591.0,,4,value_local
1876,3464,130098,252.0,,4,value_local
1877,3464,130098,252.0,,6,control_local
1878,3464,130098,268.0,,4,value_local
1879,3464,130098,268.0,,6,control_local
1880,3464,130100,258.0,,4,value_local
1881,3464,130100,259.0,,4,value_local
1882,3464,130101,263.0,,4,value_local
1883,3464,130101,264.0,,4,value_local
1884,3464,130102,269.0,,4,value_local
1885,3464,130102,270.0,,4,value_local
1886,89481,89487,99.0,,4,value_local
1887,200094,197562,1115.0,,4,value_local
1888,200094,197562,1116.0,,4,value_local
1889,200094,197562,1119.0,,4,value_local
1890,200094,197562,1134.0,,4,value_local
1891,200094,199695,1126.0,,4,value_local
1892,200094,199695,1126.0,,6,control_local
1893,200094,199699,1127.0,,4,value_local
1894,200094,199699,1127.0,,6,control_local
1895,200094,199699,1130.0,,4,value_local
1896,200094,199699,1130.0,,6,control_local
1897,97694,97874,597.0,,4,value_local
1898,97716,97869,602.0,,4,value_local
1899,134581,121438,1039.0,,3,data_method
1900,134581,121438,1040.0,,3,data_method
1901,134581,121438,1059.0,,3,data_method
1902,134581,121438,1062.0,,3,data_method
1903,134581,121084,1039.0,,3,data_method
1904,134581,141374,1053.0,,3,data_method
1905,134581,141374,1053.0,,4,return_method
1906,134581,121477,1061.0,,3,data_method
1907,134581,121477,1061.0,,4,return_method
1908,73150,73134,996.0,,4,value_local
1909,73150,73134,996.0,,6,control_local
1910,73150,73134,997.0,,4,value_local
1911,73150,73132,998.0,,4,value_local
1912,73150,73132,998.0,,6,control_local
1913,73150,73130,1002.0,,4,value_local
1914,73150,73130,1010.0,,4,value_local
1915,216512,216487,53.0,,4,value_local
1916,216512,216488,55.0,,4,value_local
1917,216512,216489,58.0,,4,value_local
1918,216512,216490,59.0,,4,value_local
1919,216512,216492,65.0,,4,value_local
1920,216512,216494,65.0,,4,value_local
1921,216512,216496,65.0,,4,value_local
1922,216512,216498,65.0,,4,value_local
1923,216512,216500,65.0,,4,value_local
1924,216512,216502,65.0,,4,value_local
1925,216512,216504,65.0,,4,value_local
1926,216512,216506,65.0,,4,value_local
1927,216512,216508,65.0,,4,value_local
1928,216512,216510,65.0,,4,value_local
1929,97731,97871,608.0,,4,value_local
1930,97731,97874,608.0,,4,value_local
1931,97731,97874,613.0,,4,value_local
1932,97731,97868,614.0,,4,value_local
1933,97731,97873,615.0,,4,value_local
1934,97731,97872,616.0,,4,value_local
1935,3557,130099,276.0,,4,value_local
1936,3557,130104,278.0,,4,value_local
1937,3557,130104,279.0,,4,value_local
1938,3557,130105,284.0,,4,value_local
1939,3557,130105,284.0,,6,control_local
1940,3557,130105,286.0,,4,value_local
1941,3557,130098,304.0,,4,value_local
1942,3557,130098,304.0,,6,control_local
1943,3557,130098,310.0,,4,value_local
1944,3557,130098,310.0,,6,control_local
1945,3557,130103,305.0,,4,value_local
1946,3557,130103,306.0,,4,value_local
1947,290277,290329,60.0,,4,value_local
1948,73207,73132,1017.0,,4,value_local
1949,73207,73132,1019.0,,4,value_local
1950,97791,97873,623.0,,4,value_local
1951,97791,97873,623.0,,6,control_local
1952,290303,290329,68.0,,4,value_local
1953,290351,290450,90.0,,4,value_local
1954,134738,121438,1074.0,,3,data_method
1955,134738,121438,1075.0,,3,data_method
1956,134738,121438,1080.0,,3,data_method
1957,134738,121438,1089.0,,3,data_method
1958,134738,121084,1074.0,,3,data_method
1959,134738,141759,1078.0,,3,data_method
1960,134738,141759,1078.0,,4,return_method
1961,134738,121477,1083.0,,3,data_method
1962,134738,121477,1083.0,,4,return_method
1963,134738,141278,1086.0,,3,data_method
1964,134738,141278,1086.0,,4,return_method
1965,89710,90085,222.0,,4,value_local
1966,89710,90086,226.0,,4,value_local
1967,89710,90086,229.0,,4,value_local
1968,89710,90086,232.0,,4,value_local
1969,89710,90086,235.0,,4,value_local
1970,89710,90082,227.0,,4,value_local
1971,89710,90082,229.0,,4,value_local
1972,89710,90083,231.0,,4,value_local
1973,89710,90083,232.0,,4,value_local
1974,89710,90081,234.0,,4,value_local
1975,89710,90081,235.0,,4,value_local
1976,237176,237206,41.0,,4,value_local
1977,237182,237206,44.0,,4,value_local
1978,102023,102087,248.0,,4,value_local
1979,102023,102086,249.0,,4,value_local
1980,102023,102085,250.0,,4,value_local
1981,102023,121591,254.0,,4,value_local
1982,20103,19547,224.0,,2,call_method
1983,20103,19547,224.0,,4,return_method
1984,110256,121438,1586.0,,3,data_method
1985,110256,100254,1589.0,,3,data_method
1986,110256,100254,1589.0,,4,return_method
1987,110256,121487,1592.0,,3,data_method
1988,110256,121487,1592.0,,4,return_method
1989,110256,121477,1594.0,,3,data_method
1990,110256,121477,1594.0,,4,return_method
1991,110256,121084,1597.0,,3,data_method
1992,89803,90082,239.0,,4,value_local
1993,89803,90082,240.0,,4,value_local
1994,89803,90083,241.0,,4,value_local
1995,89803,90083,241.0,,6,control_local
1996,89803,90083,242.0,,4,value_local
1997,89803,90083,243.0,,4,value_local
1998,89803,90081,245.0,,4,value_local
1999,89803,90081,246.0,,4,value_local
2000,89834,90086,259.0,,4,value_local
2001,89834,90085,262.0,,4,value_local
2002,102126,102144,279.0,,4,value_local
2003,134897,121438,1096.0,,3,data_method
2004,134897,121438,1097.0,,3,data_method
2005,134897,141258,1099.0,,3,data_method
2006,134897,141258,1099.0,,4,return_method
2007,134897,121487,1099.0,,3,data_method
2008,134897,121487,1099.0,,4,return_method
2009,134897,121084,1100.0,,3,data_method
2010,102132,102145,281.0,,4,value_local
2011,81656,81765,51.0,,4,value_local
2012,102138,102146,283.0,,4,value_local
2013,102147,102220,298.0,,4,value_local
2014,102147,102220,300.0,,4,value_local
2015,110355,121487,1608.0,,3,data_method
2016,110355,121487,1608.0,,4,return_method
2017,110355,121487,1610.0,,3,data_method
2018,110355,121487,1610.0,,4,return_method
2019,110355,121438,1611.0,,3,data_method
2020,110355,121438,1617.0,,3,data_method
2021,110355,121438,1617.0,,3,data_method
2022,110355,121438,1617.0,,3,data_method
2023,110355,121438,1620.0,,3,data_method
2024,290582,291361,189.0,,4,value_local
2025,290582,291363,191.0,,4,value_local
2026,290582,291362,192.0,,4,value_local
2027,290582,291364,193.0,,4,value_local
2028,102172,102220,309.0,,4,value_local
2029,102172,102220,310.0,,4,value_local
2030,134968,121438,1108.0,,3,data_method
2031,134968,121487,1110.0,,3,data_method
2032,134968,121487,1110.0,,4,return_method
2033,134968,141278,1113.0,,3,data_method
2034,134968,141278,1113.0,,4,return_method
2035,134968,141324,1116.0,,3,data_method
2036,134968,141324,1116.0,,4,return_method
2037,134968,121084,1119.0,,3,data_method
2038,290618,291360,183.0,,4,value_local
2039,290618,291361,186.0,,4,value_local
2040,282438,282665,59.0,,4,value_local
2041,89928,90085,271.0,,4,value_local
2042,282452,282665,64.0,,4,value_local
2043,102234,121438,344.0,,3,data_method
2044,102234,121438,348.0,,3,data_method
2045,102234,121084,351.0,,3,data_method
2046,282458,282666,68.0,,4,value_local
2047,290654,291304,13.0,,4,value_local
2048,89950,90087,275.0,,4,value_local
2049,89956,90088,279.0,,4,value_local
2050,89956,90088,280.0,,4,value_local
2051,89956,90081,279.0,,4,value_local
2052,290666,291300,17.0,,4,value_local
2053,290666,291305,19.0,,4,value_local
2054,290666,291305,19.0,,6,control_local
2055,290666,291305,19.0,,4,value_local
2056,290666,291305,19.0,,6,control_local
2057,290666,291305,20.0,,4,value_local
2058,290666,291305,27.0,,4,value_local
2059,290666,291305,30.0,,4,value_local
2060,290666,291304,19.0,,4,value_local
2061,290666,291304,19.0,,6,control_local
2062,290666,291304,20.0,,4,value_local
2063,290666,291304,27.0,,4,value_local
2064,290666,291306,22.0,,4,value_local
2065,81772,82406,87.0,,4,value_local
2066,81772,82408,88.0,,4,value_local
2067,81772,82408,89.0,,4,value_local
2068,81772,82408,89.0,,6,control_local
2069,81772,82408,91.0,,4,value_local
2070,89968,90088,284.0,,4,value_local
2071,135054,121438,1125.0,,3,data_method
2072,135054,121084,1129.0,,3,data_method
2073,89999,90084,309.0,,4,value_local
2074,81827,82407,97.0,,4,value_local
2075,81850,82409,102.0,,4,value_local
2076,290748,291300,35.0,,4,value_local
2077,290748,291307,43.0,,4,value_local
2078,290748,291307,43.0,,6,control_local
2079,290748,291305,43.0,,4,value_local
2080,290748,291305,43.0,,6,control_local
2081,290748,291304,49.0,,4,value_local
2082,102337,121438,361.0,,3,data_method
2083,102337,121084,364.0,,3,data_method
2084,81869,82406,106.0,,4,value_local
2085,81869,82406,107.0,,4,value_local
2086,81869,82406,111.0,,4,value_local
2087,81869,82406,112.0,,4,value_local
2088,81869,82406,113.0,,4,value_local
2089,81869,82406,117.0,,4,value_local
2090,81869,82406,118.0,,4,value_local
2091,81869,82406,124.0,,4,value_local
2092,81869,82406,138.0,,4,value_local
2093,81869,82406,138.0,,6,control_local
2094,81869,82406,142.0,,4,value_local
2095,81869,82406,142.0,,6,control_local
2096,81869,82406,147.0,,4,value_local
2097,81869,82406,147.0,,6,control_local
2098,81869,82406,149.0,,4,value_local
2099,81869,82406,149.0,,6,control_local
2100,81869,82406,183.0,,4,value_local
2101,81869,82406,187.0,,4,value_local
2102,81869,82406,187.0,,6,control_local
2103,81869,82407,111.0,,4,value_local
2104,81869,82407,120.0,,4,value_local
2105,81869,82407,120.0,,6,control_local
2106,81869,82407,126.0,,4,value_local
2107,81869,82407,126.0,,6,control_local
2108,81869,82407,162.0,,4,value_local
2109,81869,82407,162.0,,6,control_local
2110,81869,82409,171.0,,4,value_local
2111,81869,82409,171.0,,6,control_local
2112,290810,291300,59.0,,4,value_local
2113,290810,291305,60.0,,4,value_local
2114,290810,291305,60.0,,6,control_local
2115,290810,291305,62.0,,4,value_local
2116,290810,291305,62.0,,6,control_local
2117,290810,291305,74.0,,4,value_local
2118,290810,291301,61.0,,4,value_local
2119,290810,291301,75.0,,4,value_local
2120,290810,291304,63.0,,4,value_local
2121,290810,291303,70.0,,4,value_local
2122,290810,291303,78.0,,4,value_local
